Workbook

Sheet items_and_content_factor
A1: NA | B1: NA | C1: NA | D1: NA | E1: NA | F1: NA | G1: NA | H1: NA | I1: [g/100g] | J1: [kcal/100g] | K1: [g/100g] | L1: [g/100g] | M1: [mg/100g] | N1: [mg/100g] | O1: [mg/100g] | P1: [µg/100g] | Q1: [mg/100g] | R1: [mg/100g] | S1: [mg/100g] | T1: [mg/100g] | U1: [µg/100g] | V1: RAE | W1: [mg/100g] | X1: [mg/100g] | Y1: [mg/100g] | Z1: [mg/100g] | AA1: [µg/100g] | AB1: [mg/100g] | AC1: [mg/100g] | AD1: [mg/100g] | AE1: [mg/100g] | AF1: [µg/100g] | AG1: [g/100g]
A2: Item Code | B2: Item | C2: Description | D2: HS Code | E2: HS07 Code | F2: HS12 Code | G2: CPC Code | I2: dry_matter | J2: Energy | K2: Protein | L2: Fiber_TD | M2: Zinc | N2: Iron | O2: Calcium | P2: Folate_Tot | Q2: Riboflavin | R2: Choline_Tot | S2: Potassium | T2: Vit_E | U2: Vit_K | V2: Vit_A | W2: Magnesium | X2: Phosphorus | Y2: Copper | Z2: Manganese | AA2: Selenium | AB2: Vit_C | AC2: Thiamin | AD2: Niacin | AE2: Pantothenic_Acid | AF2: Vit_B6 | AG2: PUFAs
A3: 15 | B3: Wheat | C3: Triticum spp.: common (T. aestivum) durum (T. durum) spelt (T. spelta). Common and durum wheat are the main types. Among common wheat, the main varieties are spring and winter, hard and soft, and red and white. At the national level, different varieties should be reported separately, reflecting their different uses. Used mainly for human food. | E3: 100110, 100190 | F3: 100111, 100119, 100191, 100199 | G3: 111 | I3: =VLOOKUP($A3,content_factors_backup!$A$2:$Q$468,I$525,FALSE()) -> 86 | J3: =VLOOKUP($A3,content_factors_backup!$A$2:$Q$468,J$525,FALSE()) -> 341 | K3: =VLOOKUP($A3,content_factors_backup!$A$2:$Q$468,K$525,FALSE()) -> 11.95 | L3: =VLOOKUP($A3,content_factors_backup!$A$2:$Q$468,L$525,FALSE()) -> 2 | M3: =VLOOKUP($A3,content_factors_backup!$A$2:$Q$468,M$525,FALSE()) -> 2.465 | N3: =VLOOKUP($A3,content_factors_backup!$A$2:$Q$468,N$525,FALSE()) -> 4 | O3: =VLOOKUP($A3,content_factors_backup!$A$2:$Q$468,O$525,FALSE()) -> 38.5 | P3: =VLOOKUP($A3,content_factors_backup!$A$2:$Q$468,P$525,FALSE()) -> 40.5 | ... W3: =VLOOKUP($A3,content_factors_backup!$A$2:$Q$468,W$525,FALSE()) -> 0
A4: 16 | B4: Flour, wheat | C4: Defined broadly to include meal, groats and pellets. Strong flours from hard wheat are used for bread, while durum wheat flour is used primarily for pasta. Weaker flours from soft wheat are mainly used in cakes, pastries, biscuits and certain noodles. | E4: 110100, 110311, 110320 | F4: 110100, 110311, 110320 | G4: 23110 | I4: =VLOOKUP($A4,content_factors_backup!$A$2:$Q$468,I$525,FALSE()) -> 88 | J4: =VLOOKUP($A4,content_factors_backup!$A$2:$Q$468,J$525,FALSE()) -> 348 | K4: =VLOOKUP($A4,content_factors_backup!$A$2:$Q$468,K$525,FALSE()) -> 11.4 | L4: =VLOOKUP($A4,content_factors_backup!$A$2:$Q$468,L$525,FALSE()) -> 0.4 | M4: =VLOOKUP($A4,content_factors_backup!$A$2:$Q$468,M$525,FALSE()) -> 1.1 | N4: =VLOOKUP($A4,content_factors_backup!$A$2:$Q$468,N$525,FALSE()) -> 2.2 | O4: =VLOOKUP($A4,content_factors_backup!$A$2:$Q$468,O$525,FALSE()) -> 29.5 | P4: =VLOOKUP($A4,content_factors_backup!$A$2:$Q$468,P$525,FALSE()) -> 25 | ... W4: =VLOOKUP($A4,content_factors_backup!$A$2:$Q$468,W$525,FALSE()) -> 0
A5: 17 | B5: Bran, wheat | C5: Defined broadly to include sharps and other residue from the milling, sifting or other working of the grain. Contains a little flour. | E5: 230230 | F5: 230230 | G5: 39120.01 | I5: =VLOOKUP($A5,content_factors_backup!$A$2:$Q$468,I$525,FALSE()) -> 88.5 | J5: =VLOOKUP($A5,content_factors_backup!$A$2:$Q$468,J$525,FALSE()) -> 216 | K5: =VLOOKUP($A5,content_factors_backup!$A$2:$Q$468,K$525,FALSE()) -> 15.55 | L5: =VLOOKUP($A5,content_factors_backup!$A$2:$Q$468,L$525,FALSE()) -> 42.8 | M5: =VLOOKUP($A5,content_factors_backup!$A$2:$Q$468,M$525,FALSE()) -> 7.27 | N5: =VLOOKUP($A5,content_factors_backup!$A$2:$Q$468,N$525,FALSE()) -> 10.57 | O5: =VLOOKUP($A5,content_factors_backup!$A$2:$Q$468,O$525,FALSE()) -> 73 | P5: =VLOOKUP($A5,content_factors_backup!$A$2:$Q$468,P$525,FALSE()) -> 79 | ... W5: =VLOOKUP($A5,content_factors_backup!$A$2:$Q$468,W$525,FALSE()) -> 0
A6: 18 | B6: Macaroni | C6: Pasta made from semolina, or flour, that is mixed with water and kneaded into a dough. Other ingredients may be included as well. The dough is then shaped into various forms. This heading is limited to macaroni that is not cooked, stuffed or otherwise prepared. | E6: 190211, 190219 | F6: 190211, 190219 | G6: 23710 | I6: =VLOOKUP($A6,content_factors_backup!$A$2:$Q$468,I$525,FALSE()) -> 89.6 | J6: =VLOOKUP($A6,content_factors_backup!$A$2:$Q$468,J$525,FALSE()) -> 124 | K6: =VLOOKUP($A6,content_factors_backup!$A$2:$Q$468,K$525,FALSE()) -> 5.33 | L6: =VLOOKUP($A6,content_factors_backup!$A$2:$Q$468,L$525,FALSE()) -> 2.8 | M6: =VLOOKUP($A6,content_factors_backup!$A$2:$Q$468,M$525,FALSE()) -> 0.81 | N6: =VLOOKUP($A6,content_factors_backup!$A$2:$Q$468,N$525,FALSE()) -> 1.06 | O6: =VLOOKUP($A6,content_factors_backup!$A$2:$Q$468,O$525,FALSE()) -> 15 | P6: =VLOOKUP($A6,content_factors_backup!$A$2:$Q$468,P$525,FALSE()) -> 5 | ... W6: =VLOOKUP($A6,content_factors_backup!$A$2:$Q$468,W$525,FALSE()) -> 0
A7: 20 | B7: Bread | C7: A baked product of flour or meal of cereals, especially wheat. Includes ordinary, unleavened, crackers, rusks, etc. | E7: 190510, 190540, 190590 | F7: 190510, 190540, 190590 | G7: F0020 | I7: =VLOOKUP($A7,content_factors_backup!$A$2:$Q$468,I$525,FALSE()) -> 65 | J7: =VLOOKUP($A7,content_factors_backup!$A$2:$Q$468,J$525,FALSE()) -> 313 | K7: =VLOOKUP($A7,content_factors_backup!$A$2:$Q$468,K$525,FALSE()) -> 12.96 | L7: =VLOOKUP($A7,content_factors_backup!$A$2:$Q$468,L$525,FALSE()) -> 4.7 | M7: =VLOOKUP($A7,content_factors_backup!$A$2:$Q$468,M$525,FALSE()) -> 1.47 | N7: =VLOOKUP($A7,content_factors_backup!$A$2:$Q$468,N$525,FALSE()) -> 4.09 | O7: =VLOOKUP($A7,content_factors_backup!$A$2:$Q$468,O$525,FALSE()) -> 165 | P7: =VLOOKUP($A7,content_factors_backup!$A$2:$Q$468,P$525,FALSE()) -> 86 | ... W7: =VLOOKUP($A7,content_factors_backup!$A$2:$Q$468,W$525,FALSE()) -> 0
A8: 21 | B8: Bulgur | C8: Whole wheat grains that are boiled, dried and cracked, either between stones or in a hand mill. Very popular in the Near East. | E8: 190430 | F8: 190430 | G8: 23140.02 | I8: =VLOOKUP($A8,content_factors_backup!$A$2:$Q$468,I$525,FALSE()) -> 90 | J8: =VLOOKUP($A8,content_factors_backup!$A$2:$Q$468,J$525,FALSE()) -> 83 | K8: =VLOOKUP($A8,content_factors_backup!$A$2:$Q$468,K$525,FALSE()) -> 3.08 | L8: =VLOOKUP($A8,content_factors_backup!$A$2:$Q$468,L$525,FALSE()) -> 4.5 | M8: =VLOOKUP($A8,content_factors_backup!$A$2:$Q$468,M$525,FALSE()) -> 0.57 | N8: =VLOOKUP($A8,content_factors_backup!$A$2:$Q$468,N$525,FALSE()) -> 0.96 | O8: =VLOOKUP($A8,content_factors_backup!$A$2:$Q$468,O$525,FALSE()) -> 10 | P8: =VLOOKUP($A8,content_factors_backup!$A$2:$Q$468,P$525,FALSE()) -> 18 | ... W8: =VLOOKUP($A8,content_factors_backup!$A$2:$Q$468,W$525,FALSE()) -> 0
A9: 22 | B9: Pastry | C9: All baked products excluding those listed under bread. Pastry products may contain ingredients other than wheat flour, such as milk, eggs, sugar, honey, starch, fats, fruit, seeds, etc. | E9: 190520, 190531, 190532, 190540, 190590 | F9: 190520, 190531, 190532, 190540, 190590 | G9: F0022 | I9: =VLOOKUP($A9,content_factors_backup!$A$2:$Q$468,I$525,FALSE()) -> 65 | J9: =VLOOKUP($A9,content_factors_backup!$A$2:$Q$468,J$525,FALSE()) -> 558 | K9: =VLOOKUP($A9,content_factors_backup!$A$2:$Q$468,K$525,FALSE()) -> 7.4 | L9: =VLOOKUP($A9,content_factors_backup!$A$2:$Q$468,L$525,FALSE()) -> 1.5 | M9: =VLOOKUP($A9,content_factors_backup!$A$2:$Q$468,M$525,FALSE()) -> 0.54 | N9: =VLOOKUP($A9,content_factors_backup!$A$2:$Q$468,N$525,FALSE()) -> 2.6 | O9: =VLOOKUP($A9,content_factors_backup!$A$2:$Q$468,O$525,FALSE()) -> 10 | P9: =VLOOKUP($A9,content_factors_backup!$A$2:$Q$468,P$525,FALSE()) -> 55 | ... W9: =VLOOKUP($A9,content_factors_backup!$A$2:$Q$468,W$525,FALSE()) -> 0
A10: 27 | B10: Rice, paddy | C10: Oryza spp., mainly oryza sativa. Rice grain after threshing and winnowing. Also known as rice in the husk and rough rice. Used mainly for human food. | E10: 100610 | F10: 100610 | G10: 113 | I10: =VLOOKUP($A10,content_factors_backup!$A$2:$Q$468,I$525,FALSE()) -> 86 | J10: =VLOOKUP($A10,content_factors_backup!$A$2:$Q$468,J$525,FALSE()) -> 353.4 | K10: =VLOOKUP($A10,content_factors_backup!$A$2:$Q$468,K$525,FALSE()) -> 7.3 | L10: =VLOOKUP($A10,content_factors_backup!$A$2:$Q$468,L$525,FALSE()) -> 0.7 | M10: =VLOOKUP($A10,content_factors_backup!$A$2:$Q$468,M$525,FALSE()) -> 1.4 | N10: =VLOOKUP($A10,content_factors_backup!$A$2:$Q$468,N$525,FALSE()) -> 1.6 | O10: =VLOOKUP($A10,content_factors_backup!$A$2:$Q$468,O$525,FALSE()) -> 12 | P10: =VLOOKUP($A10,content_factors_backup!$A$2:$Q$468,P$525,FALSE()) -> 20 | ... W10: =VLOOKUP($A10,content_factors_backup!$A$2:$Q$468,W$525,FALSE()) -> 0
A11: 28 | B11: Rice, husked | C11: Rice grain without hulls or husks. Also known as brown or cargo rice. | E11: 100620 | F11: 100620 | G11: 23162 | I11: =VLOOKUP($A11,content_factors_backup!$A$2:$Q$468,I$525,FALSE()) -> 0 | J11: =VLOOKUP($A11,content_factors_backup!$A$2:$Q$468,J$525,FALSE()) -> #N/A | K11: =VLOOKUP($A11,content_factors_backup!$A$2:$Q$468,K$525,FALSE()) -> #N/A | L11: =VLOOKUP($A11,content_factors_backup!$A$2:$Q$468,L$525,FALSE()) -> #N/A | M11: =VLOOKUP($A11,content_factors_backup!$A$2:$Q$468,M$525,FALSE()) -> #N/A | N11: =VLOOKUP($A11,content_factors_backup!$A$2:$Q$468,N$525,FALSE()) -> #N/A | O11: =VLOOKUP($A11,content_factors_backup!$A$2:$Q$468,O$525,FALSE()) -> #N/A | P11: =VLOOKUP($A11,content_factors_backup!$A$2:$Q$468,P$525,FALSE()) -> #N/A | ... W11: =VLOOKUP($A11,content_factors_backup!$A$2:$Q$468,W$525,FALSE()) -> #N/A
A12: 30 | B12: Rice - total (Rice milled equivalent) | I12: =VLOOKUP($A12,content_factors_backup!$A$2:$Q$468,I$525,FALSE()) -> 88 | J12: =VLOOKUP($A12,content_factors_backup!$A$2:$Q$468,J$525,FALSE()) -> 353.4 | K12: =VLOOKUP($A12,content_factors_backup!$A$2:$Q$468,K$525,FALSE()) -> 7.3 | L12: =VLOOKUP($A12,content_factors_backup!$A$2:$Q$468,L$525,FALSE()) -> 0.7 | M12: =VLOOKUP($A12,content_factors_backup!$A$2:$Q$468,M$525,FALSE()) -> 1.4 | N12: =VLOOKUP($A12,content_factors_backup!$A$2:$Q$468,N$525,FALSE()) -> 1.6 | O12: =VLOOKUP($A12,content_factors_backup!$A$2:$Q$468,O$525,FALSE()) -> 12 | P12: =VLOOKUP($A12,content_factors_backup!$A$2:$Q$468,P$525,FALSE()) -> 20 | ... W12: =VLOOKUP($A12,content_factors_backup!$A$2:$Q$468,W$525,FALSE()) -> 0
A13: 31 | B13: Rice, milled | C13: White rice milled from locally grown paddy. Includes semi-milled, whole-milled and parboiled rice. | E13: 100630 | F13: 100630 | G13: 23161.02 | I13: =VLOOKUP($A13,content_factors_backup!$A$2:$Q$468,I$525,FALSE()) -> 0 | J13: =VLOOKUP($A13,content_factors_backup!$A$2:$Q$468,J$525,FALSE()) -> #N/A | K13: =VLOOKUP($A13,content_factors_backup!$A$2:$Q$468,K$525,FALSE()) -> #N/A | L13: =VLOOKUP($A13,content_factors_backup!$A$2:$Q$468,L$525,FALSE()) -> #N/A | M13: =VLOOKUP($A13,content_factors_backup!$A$2:$Q$468,M$525,FALSE()) -> #N/A | N13: =VLOOKUP($A13,content_factors_backup!$A$2:$Q$468,N$525,FALSE()) -> #N/A | O13: =VLOOKUP($A13,content_factors_backup!$A$2:$Q$468,O$525,FALSE()) -> #N/A | P13: =VLOOKUP($A13,content_factors_backup!$A$2:$Q$468,P$525,FALSE()) -> #N/A | ... W13: =VLOOKUP($A13,content_factors_backup!$A$2:$Q$468,W$525,FALSE()) -> #N/A
A14: 32 | B14: Rice, broken | C14: Residues from the selection of whole-grain, milled rice. | E14: 100640 | F14: 100640 | G14: 23161.03 | I14: =VLOOKUP($A14,content_factors_backup!$A$2:$Q$468,I$525,FALSE()) -> 0 | J14: =VLOOKUP($A14,content_factors_backup!$A$2:$Q$468,J$525,FALSE()) -> #N/A | K14: =VLOOKUP($A14,content_factors_backup!$A$2:$Q$468,K$525,FALSE()) -> #N/A | L14: =VLOOKUP($A14,content_factors_backup!$A$2:$Q$468,L$525,FALSE()) -> #N/A | M14: =VLOOKUP($A14,content_factors_backup!$A$2:$Q$468,M$525,FALSE()) -> #N/A | N14: =VLOOKUP($A14,content_factors_backup!$A$2:$Q$468,N$525,FALSE()) -> #N/A | O14: =VLOOKUP($A14,content_factors_backup!$A$2:$Q$468,O$525,FALSE()) -> #N/A | P14: =VLOOKUP($A14,content_factors_backup!$A$2:$Q$468,P$525,FALSE()) -> #N/A | ... W14: =VLOOKUP($A14,content_factors_backup!$A$2:$Q$468,W$525,FALSE()) -> #N/A
A15: 36 | B15: Oil, rice bran | C15: Extracted from bran by pressure or, more frequently, by solvents. | E15: 151590 | F15: 151590 | G15: 21691.01 | I15: =VLOOKUP($A15,content_factors_backup!$A$2:$Q$468,I$525,FALSE()) -> 100 | J15: =VLOOKUP($A15,content_factors_backup!$A$2:$Q$468,J$525,FALSE()) -> 900 | K15: =VLOOKUP($A15,content_factors_backup!$A$2:$Q$468,K$525,FALSE()) -> 0 | L15: =VLOOKUP($A15,content_factors_backup!$A$2:$Q$468,L$525,FALSE()) -> 0 | M15: =VLOOKUP($A15,content_factors_backup!$A$2:$Q$468,M$525,FALSE()) -> 0.285 | N15: =VLOOKUP($A15,content_factors_backup!$A$2:$Q$468,N$525,FALSE()) -> 0.235 | O15: =VLOOKUP($A15,content_factors_backup!$A$2:$Q$468,O$525,FALSE()) -> 1 | P15: =VLOOKUP($A15,content_factors_backup!$A$2:$Q$468,P$525,FALSE()) -> 0 | ... W15: =VLOOKUP($A15,content_factors_backup!$A$2:$Q$468,W$525,FALSE()) -> 0
A16: 37 | B16: Cake, rice bran | C16: A residue of the extraction of oil. Also known as de-oiled rice bran. | E16: 230690 | F16: 230690 | G16: 21910.01 | I16: =VLOOKUP($A16,content_factors_backup!$A$2:$Q$468,I$525,FALSE()) -> 90 | J16: =VLOOKUP($A16,content_factors_backup!$A$2:$Q$468,J$525,FALSE()) -> 316 | K16: =VLOOKUP($A16,content_factors_backup!$A$2:$Q$468,K$525,FALSE()) -> 13.35 | L16: =VLOOKUP($A16,content_factors_backup!$A$2:$Q$468,L$525,FALSE()) -> 21 | M16: =VLOOKUP($A16,content_factors_backup!$A$2:$Q$468,M$525,FALSE()) -> 6.04 | N16: =VLOOKUP($A16,content_factors_backup!$A$2:$Q$468,N$525,FALSE()) -> 18.54 | O16: =VLOOKUP($A16,content_factors_backup!$A$2:$Q$468,O$525,FALSE()) -> 57 | P16: =VLOOKUP($A16,content_factors_backup!$A$2:$Q$468,P$525,FALSE()) -> 63 | ... W16: =VLOOKUP($A16,content_factors_backup!$A$2:$Q$468,W$525,FALSE()) -> 0
A17: 38 | B17: Flour, rice | C17: Produced by milling broken or milled rice. Finely ground rice flour is widely used in infant foods and in noodles. It is not used in bread because it lacks the necessary gluten-forming protein. | E17: 110290, 110319, 110320 | F17: 110290, 110319, 110320 | G17: 23120.01 | I17: =VLOOKUP($A17,content_factors_backup!$A$2:$Q$468,I$525,FALSE()) -> 88 | J17: =VLOOKUP($A17,content_factors_backup!$A$2:$Q$468,J$525,FALSE()) -> #N/A | K17: =VLOOKUP($A17,content_factors_backup!$A$2:$Q$468,K$525,FALSE()) -> #N/A | L17: =VLOOKUP($A17,content_factors_backup!$A$2:$Q$468,L$525,FALSE()) -> #N/A | M17: =VLOOKUP($A17,content_factors_backup!$A$2:$Q$468,M$525,FALSE()) -> #N/A | N17: =VLOOKUP($A17,content_factors_backup!$A$2:$Q$468,N$525,FALSE()) -> #N/A | O17: =VLOOKUP($A17,content_factors_backup!$A$2:$Q$468,O$525,FALSE()) -> #N/A | P17: =VLOOKUP($A17,content_factors_backup!$A$2:$Q$468,P$525,FALSE()) -> #N/A | ... W17: =VLOOKUP($A17,content_factors_backup!$A$2:$Q$468,W$525,FALSE()) -> #N/A
A18: 39 | B18: Beverages, fermented rice | C18: Low-alcohol beverages, such as rice wine and sake. | E18: 220600 | F18: 220600 | G18: 24230.02 | I18: =VLOOKUP($A18,content_factors_backup!$A$2:$Q$468,I$525,FALSE()) -> 10 | J18: =VLOOKUP($A18,content_factors_backup!$A$2:$Q$468,J$525,FALSE()) -> 47 | K18: =VLOOKUP($A18,content_factors_backup!$A$2:$Q$468,K$525,FALSE()) -> 0.28 | L18: =VLOOKUP($A18,content_factors_backup!$A$2:$Q$468,L$525,FALSE()) -> 0.3 | M18: =VLOOKUP($A18,content_factors_backup!$A$2:$Q$468,M$525,FALSE()) -> 0.13 | N18: =VLOOKUP($A18,content_factors_backup!$A$2:$Q$468,N$525,FALSE()) -> 0.2 | O18: =VLOOKUP($A18,content_factors_backup!$A$2:$Q$468,O$525,FALSE()) -> 118 | P18: =VLOOKUP($A18,content_factors_backup!$A$2:$Q$468,P$525,FALSE()) -> 2 | ... W18: =VLOOKUP($A18,content_factors_backup!$A$2:$Q$468,W$525,FALSE()) -> 63
A19: 41 | B19: Cereals, breakfast | C19: Foods prepared by swelling and roasting cereals or cereal products, e.g. corn flakes, puffed rice; cereals o/t maize, in grain form, precooked or otherwise prepared. | E19: 190410, 190420, 190490 | F19: 190410, 190420, 190490 | G19: 23140.03 | I19: =VLOOKUP($A19,content_factors_backup!$A$2:$Q$468,I$525,FALSE()) -> 96.5 | J19: =VLOOKUP($A19,content_factors_backup!$A$2:$Q$468,J$525,FALSE()) -> 62 | K19: =VLOOKUP($A19,content_factors_backup!$A$2:$Q$468,K$525,FALSE()) -> 2 | L19: =VLOOKUP($A19,content_factors_backup!$A$2:$Q$468,L$525,FALSE()) -> 1.6 | M19: =VLOOKUP($A19,content_factors_backup!$A$2:$Q$468,M$525,FALSE()) -> 0.48 | N19: =VLOOKUP($A19,content_factors_backup!$A$2:$Q$468,N$525,FALSE()) -> 0.62 | O19: =VLOOKUP($A19,content_factors_backup!$A$2:$Q$468,O$525,FALSE()) -> 7 | P19: =VLOOKUP($A19,content_factors_backup!$A$2:$Q$468,P$525,FALSE()) -> 14 | ... W19: =VLOOKUP($A19,content_factors_backup!$A$2:$Q$468,W$525,FALSE()) -> 0
A20: 44 | B20: Barley | C20: Hordeum spp.: two-row barley (H. disticum) six-row barley (H. hexasticum) four-row barley (H. vulgare). Tolerates poorer soils and lower temperatures better than does wheat. Varieties include with husk and without (naked). Used as a livestock feed, for malt and for preparing foods. The roasted grains are a coffee substitute. | E20: 100300 | F20: 100310, 100390 | G20: 115 | I20: =VLOOKUP($A20,content_factors_backup!$A$2:$Q$468,I$525,FALSE()) -> 86 | J20: =VLOOKUP($A20,content_factors_backup!$A$2:$Q$468,J$525,FALSE()) -> 342 | K20: =VLOOKUP($A20,content_factors_backup!$A$2:$Q$468,K$525,FALSE()) -> 9.85 | L20: =VLOOKUP($A20,content_factors_backup!$A$2:$Q$468,L$525,FALSE()) -> 5.2 | M20: =VLOOKUP($A20,content_factors_backup!$A$2:$Q$468,M$525,FALSE()) -> 2.38 | N20: =VLOOKUP($A20,content_factors_backup!$A$2:$Q$468,N$525,FALSE()) -> 4.5 | O20: =VLOOKUP($A20,content_factors_backup!$A$2:$Q$468,O$525,FALSE()) -> 54.5 | P20: =VLOOKUP($A20,content_factors_backup!$A$2:$Q$468,P$525,FALSE()) -> 21 | ... W20: =VLOOKUP($A20,content_factors_backup!$A$2:$Q$468,W$525,FALSE()) -> 0
A21: 46 | B21: Barley, pearled | C21: Small, round pellets obtained by the further milling of pot barley. This definition also includes kibbled, rolled or flaked grains. | E21: 110419, 110429 | F21: 110419, 110429 | G21: 23140.05 | I21: =VLOOKUP($A21,content_factors_backup!$A$2:$Q$468,I$525,FALSE()) -> 88 | J21: =VLOOKUP($A21,content_factors_backup!$A$2:$Q$468,J$525,FALSE()) -> 123 | K21: =VLOOKUP($A21,content_factors_backup!$A$2:$Q$468,K$525,FALSE()) -> 2.26 | L21: =VLOOKUP($A21,content_factors_backup!$A$2:$Q$468,L$525,FALSE()) -> 3.8 | M21: =VLOOKUP($A21,content_factors_backup!$A$2:$Q$468,M$525,FALSE()) -> 0.82 | N21: =VLOOKUP($A21,content_factors_backup!$A$2:$Q$468,N$525,FALSE()) -> 1.33 | O21: =VLOOKUP($A21,content_factors_backup!$A$2:$Q$468,O$525,FALSE()) -> 11 | P21: =VLOOKUP($A21,content_factors_backup!$A$2:$Q$468,P$525,FALSE()) -> 16 | ... W21: =VLOOKUP($A21,content_factors_backup!$A$2:$Q$468,W$525,FALSE()) -> 0
A22: 49 | B22: Malt | C22: A grain - usually barley - that has been germinated through a soaking process and then dried. Malt is used in brewing and distilling, and as a nutrient additive. Includes whole, ground, flour, and roasted malt, but excludes extracts and preparations. | E22: 110710, 110720 | F22: 110710, 110720 | G22: 24320 | I22: =VLOOKUP($A22,content_factors_backup!$A$2:$Q$468,I$525,FALSE()) -> 95 | J22: =VLOOKUP($A22,content_factors_backup!$A$2:$Q$468,J$525,FALSE()) -> 361 | K22: =VLOOKUP($A22,content_factors_backup!$A$2:$Q$468,K$525,FALSE()) -> 10.28 | L22: =VLOOKUP($A22,content_factors_backup!$A$2:$Q$468,L$525,FALSE()) -> 7.1 | M22: =VLOOKUP($A22,content_factors_backup!$A$2:$Q$468,M$525,FALSE()) -> 2.06 | N22: =VLOOKUP($A22,content_factors_backup!$A$2:$Q$468,N$525,FALSE()) -> 4.71 | O22: =VLOOKUP($A22,content_factors_backup!$A$2:$Q$468,O$525,FALSE()) -> 37 | P22: =VLOOKUP($A22,content_factors_backup!$A$2:$Q$468,P$525,FALSE()) -> 38 | ... W22: =VLOOKUP($A22,content_factors_backup!$A$2:$Q$468,W$525,FALSE()) -> 1
A23: 51 | B23: Beer of barley | C23: Beverage that may be alcoholic or non-alcoholic that is made from fermented malted cereals (mainly barley), water and hops. Non-malted cereals may also be used. The FAO definition differs from the main international classifications in that it includes non-alcoholic beer. | E23: 220300 | F23: 220300 | G23: 24310.01 | I23: =VLOOKUP($A23,content_factors_backup!$A$2:$Q$468,I$525,FALSE()) -> 10 | J23: =VLOOKUP($A23,content_factors_backup!$A$2:$Q$468,J$525,FALSE()) -> 33.5 | K23: =VLOOKUP($A23,content_factors_backup!$A$2:$Q$468,K$525,FALSE()) -> 0.35 | L23: =VLOOKUP($A23,content_factors_backup!$A$2:$Q$468,L$525,FALSE()) -> 0 | M23: =VLOOKUP($A23,content_factors_backup!$A$2:$Q$468,M$525,FALSE()) -> 0.01 | N23: =VLOOKUP($A23,content_factors_backup!$A$2:$Q$468,N$525,FALSE()) -> 0.1 | O23: =VLOOKUP($A23,content_factors_backup!$A$2:$Q$468,O$525,FALSE()) -> 4 | P23: =VLOOKUP($A23,content_factors_backup!$A$2:$Q$468,P$525,FALSE()) -> 5.5 | ... W23: =VLOOKUP($A23,content_factors_backup!$A$2:$Q$468,W$525,FALSE()) -> 0
A24: 56 | B24: Maize | C24: Zea mays Corn, Indian corn, mealies. A grain with a high germ content. At the national level, hybrid and ordinary maize should be reported separately owing to widely different yields and uses. Used largely for animal feed and commercial starch production. | E24: 100510, 100590 | F24: 100510, 100590 | G24: 112 | I24: =VLOOKUP($A24,content_factors_backup!$A$2:$Q$468,I$525,FALSE()) -> 86 | J24: =VLOOKUP($A24,content_factors_backup!$A$2:$Q$468,J$525,FALSE()) -> 353.65 | K24: =VLOOKUP($A24,content_factors_backup!$A$2:$Q$468,K$525,FALSE()) -> 8.6 | L24: =VLOOKUP($A24,content_factors_backup!$A$2:$Q$468,L$525,FALSE()) -> 3 | M24: =VLOOKUP($A24,content_factors_backup!$A$2:$Q$468,M$525,FALSE()) -> 1.7 | N24: =VLOOKUP($A24,content_factors_backup!$A$2:$Q$468,N$525,FALSE()) -> 2.755 | O24: =VLOOKUP($A24,content_factors_backup!$A$2:$Q$468,O$525,FALSE()) -> 10 | P24: =VLOOKUP($A24,content_factors_backup!$A$2:$Q$468,P$525,FALSE()) -> 25.411758 | ... W24: =VLOOKUP($A24,content_factors_backup!$A$2:$Q$468,W$525,FALSE()) -> 1.3333333
A25: 57 | B25: Germ, maize | C25: The seed embryo that is separated during processing and is valued mainly for its oil. | E25: 110430 | F25: 110430 | G25: 23140.06 | I25: =VLOOKUP($A25,content_factors_backup!$A$2:$Q$468,I$525,FALSE()) -> 96 | J25: =VLOOKUP($A25,content_factors_backup!$A$2:$Q$468,J$525,FALSE()) -> 381 | K25: =VLOOKUP($A25,content_factors_backup!$A$2:$Q$468,K$525,FALSE()) -> 0.26 | L25: =VLOOKUP($A25,content_factors_backup!$A$2:$Q$468,L$525,FALSE()) -> 0.9 | M25: =VLOOKUP($A25,content_factors_backup!$A$2:$Q$468,M$525,FALSE()) -> 0.06 | N25: =VLOOKUP($A25,content_factors_backup!$A$2:$Q$468,N$525,FALSE()) -> 0.47 | O25: =VLOOKUP($A25,content_factors_backup!$A$2:$Q$468,O$525,FALSE()) -> 2 | P25: =VLOOKUP($A25,content_factors_backup!$A$2:$Q$468,P$525,FALSE()) -> 0 | ... W25: =VLOOKUP($A25,content_factors_backup!$A$2:$Q$468,W$525,FALSE()) -> 0
A26: 58 | B26: Flour, maize | C26: Broadly defined to include meal, groats and pellets. | E26: 110220, 110313, 110320 | F26: 110220, 110313, 110320 | G26: 23120.03 | I26: =VLOOKUP($A26,content_factors_backup!$A$2:$Q$468,I$525,FALSE()) -> 88 | J26: =VLOOKUP($A26,content_factors_backup!$A$2:$Q$468,J$525,FALSE()) -> 353 | K26: =VLOOKUP($A26,content_factors_backup!$A$2:$Q$468,K$525,FALSE()) -> 8.7 | L26: =VLOOKUP($A26,content_factors_backup!$A$2:$Q$468,L$525,FALSE()) -> 3.4 | M26: =VLOOKUP($A26,content_factors_backup!$A$2:$Q$468,M$525,FALSE()) -> 1.475 | N26: =VLOOKUP($A26,content_factors_backup!$A$2:$Q$468,N$525,FALSE()) -> 2.9 | O26: =VLOOKUP($A26,content_factors_backup!$A$2:$Q$468,O$525,FALSE()) -> 17.5 | P26: =VLOOKUP($A26,content_factors_backup!$A$2:$Q$468,P$525,FALSE()) -> 10 | ... W26: =VLOOKUP($A26,content_factors_backup!$A$2:$Q$468,W$525,FALSE()) -> 0.041666666
A27: 59 | B27: Bran, maize | C27: A by-product of the milling of shelled maize. | E27: 230210 | F27: 230210 | G27: 39120.04 | I27: =VLOOKUP($A27,content_factors_backup!$A$2:$Q$468,I$525,FALSE()) -> 88 | J27: =VLOOKUP($A27,content_factors_backup!$A$2:$Q$468,J$525,FALSE()) -> 224 | K27: =VLOOKUP($A27,content_factors_backup!$A$2:$Q$468,K$525,FALSE()) -> 8.36 | L27: =VLOOKUP($A27,content_factors_backup!$A$2:$Q$468,L$525,FALSE()) -> 79 | M27: =VLOOKUP($A27,content_factors_backup!$A$2:$Q$468,M$525,FALSE()) -> 1.56 | N27: =VLOOKUP($A27,content_factors_backup!$A$2:$Q$468,N$525,FALSE()) -> 2.79 | O27: =VLOOKUP($A27,content_factors_backup!$A$2:$Q$468,O$525,FALSE()) -> 42 | P27: =VLOOKUP($A27,content_factors_backup!$A$2:$Q$468,P$525,FALSE()) -> 4 | ... W27: =VLOOKUP($A27,content_factors_backup!$A$2:$Q$468,W$525,FALSE()) -> 4
A28: 60 | B28: Oil, maize | C28: Extracted from germ by pressure or by solvents. | E28: 151521, 151529 | F28: 151521, 151529 | G28: 21691.02 | I28: =VLOOKUP($A28,content_factors_backup!$A$2:$Q$468,I$525,FALSE()) -> 100 | J28: =VLOOKUP($A28,content_factors_backup!$A$2:$Q$468,J$525,FALSE()) -> 900 | K28: =VLOOKUP($A28,content_factors_backup!$A$2:$Q$468,K$525,FALSE()) -> 0 | L28: =VLOOKUP($A28,content_factors_backup!$A$2:$Q$468,L$525,FALSE()) -> 0 | M28: =VLOOKUP($A28,content_factors_backup!$A$2:$Q$468,M$525,FALSE()) -> 0 | N28: =VLOOKUP($A28,content_factors_backup!$A$2:$Q$468,N$525,FALSE()) -> 0 | O28: =VLOOKUP($A28,content_factors_backup!$A$2:$Q$468,O$525,FALSE()) -> 0 | P28: =VLOOKUP($A28,content_factors_backup!$A$2:$Q$468,P$525,FALSE()) -> 0 | ... W28: =VLOOKUP($A28,content_factors_backup!$A$2:$Q$468,W$525,FALSE()) -> 0
A29: 61 | B29: Cake, maize | C29: A residue of the extraction of oil from germ. | E29: 230690 | F29: 230690 | G29: 21910.02 | I29: =VLOOKUP($A29,content_factors_backup!$A$2:$Q$468,I$525,FALSE()) -> 88 | J29: =VLOOKUP($A29,content_factors_backup!$A$2:$Q$468,J$525,FALSE()) -> 381 | K29: =VLOOKUP($A29,content_factors_backup!$A$2:$Q$468,K$525,FALSE()) -> 0.26 | L29: =VLOOKUP($A29,content_factors_backup!$A$2:$Q$468,L$525,FALSE()) -> 0.9 | M29: =VLOOKUP($A29,content_factors_backup!$A$2:$Q$468,M$525,FALSE()) -> 0.06 | N29: =VLOOKUP($A29,content_factors_backup!$A$2:$Q$468,N$525,FALSE()) -> 0.47 | O29: =VLOOKUP($A29,content_factors_backup!$A$2:$Q$468,O$525,FALSE()) -> 2 | P29: =VLOOKUP($A29,content_factors_backup!$A$2:$Q$468,P$525,FALSE()) -> 0 | ... W29: =VLOOKUP($A29,content_factors_backup!$A$2:$Q$468,W$525,FALSE()) -> 0
A30: 68 | B30: Popcorn | C30: Zea mays var. everta. A variety of maize that is eaten after the kernels have been heated and have "popped". | E30: 100510, 100590 | F30: 100510, 100590 | I30: =VLOOKUP($A30,content_factors_backup!$A$2:$Q$468,I$525,FALSE()) -> #N/A | J30: =VLOOKUP($A30,content_factors_backup!$A$2:$Q$468,J$525,FALSE()) -> #N/A | K30: =VLOOKUP($A30,content_factors_backup!$A$2:$Q$468,K$525,FALSE()) -> #N/A | L30: =VLOOKUP($A30,content_factors_backup!$A$2:$Q$468,L$525,FALSE()) -> #N/A | M30: =VLOOKUP($A30,content_factors_backup!$A$2:$Q$468,M$525,FALSE()) -> #N/A | N30: =VLOOKUP($A30,content_factors_backup!$A$2:$Q$468,N$525,FALSE()) -> #N/A | O30: =VLOOKUP($A30,content_factors_backup!$A$2:$Q$468,O$525,FALSE()) -> #N/A | P30: =VLOOKUP($A30,content_factors_backup!$A$2:$Q$468,P$525,FALSE()) -> #N/A | ... W30: =VLOOKUP($A30,content_factors_backup!$A$2:$Q$468,W$525,FALSE()) -> #N/A
A31: 71 | B31: Rye | C31: Secale cereale. A grain that is tolerant of poor soils, high latitudes and altitudes. Mainly used in making bread, whisky and beer. When fed to livestock, it is generally mixed with other grains. | E31: 100200 | F31: 100210, 100290 | G31: 116 | I31: =VLOOKUP($A31,content_factors_backup!$A$2:$Q$468,I$525,FALSE()) -> 86 | J31: =VLOOKUP($A31,content_factors_backup!$A$2:$Q$468,J$525,FALSE()) -> 338 | K31: =VLOOKUP($A31,content_factors_backup!$A$2:$Q$468,K$525,FALSE()) -> 10.42 | L31: =VLOOKUP($A31,content_factors_backup!$A$2:$Q$468,L$525,FALSE()) -> 2 | M31: =VLOOKUP($A31,content_factors_backup!$A$2:$Q$468,M$525,FALSE()) -> 2.65 | N31: =VLOOKUP($A31,content_factors_backup!$A$2:$Q$468,N$525,FALSE()) -> 2.7 | O31: =VLOOKUP($A31,content_factors_backup!$A$2:$Q$468,O$525,FALSE()) -> 27 | P31: =VLOOKUP($A31,content_factors_backup!$A$2:$Q$468,P$525,FALSE()) -> 38 | ... W31: =VLOOKUP($A31,content_factors_backup!$A$2:$Q$468,W$525,FALSE()) -> 0
A32: 75 | B32: Oats | C32: Avena spp., mainly Avena sativa. A plant with open, spreading panicle-bearing large spikelets. Used primarily in breakfast foods. Makes excellent fodder for horses. | E32: 100400 | F32: 100410, 100490 | G32: 117 | I32: =VLOOKUP($A32,content_factors_backup!$A$2:$Q$468,I$525,FALSE()) -> 86 | J32: =VLOOKUP($A32,content_factors_backup!$A$2:$Q$468,J$525,FALSE()) -> 374 | K32: =VLOOKUP($A32,content_factors_backup!$A$2:$Q$468,K$525,FALSE()) -> 13.45 | L32: =VLOOKUP($A32,content_factors_backup!$A$2:$Q$468,L$525,FALSE()) -> 2.65 | M32: =VLOOKUP($A32,content_factors_backup!$A$2:$Q$468,M$525,FALSE()) -> 3.52 | N32: =VLOOKUP($A32,content_factors_backup!$A$2:$Q$468,N$525,FALSE()) -> 4.46 | O32: =VLOOKUP($A32,content_factors_backup!$A$2:$Q$468,O$525,FALSE()) -> 53 | P32: =VLOOKUP($A32,content_factors_backup!$A$2:$Q$468,P$525,FALSE()) -> 45 | ... W32: =VLOOKUP($A32,content_factors_backup!$A$2:$Q$468,W$525,FALSE()) -> 0
A33: 76 | B33: Oats rolled | C33: Obtained by crushing or rolling the whole or broken grain; includes grains flaked, hulled or otherwise worked for human consumption. | E33: 110412, 110422 | F33: 110412, 110422 | G33: 23140.07 | I33: =VLOOKUP($A33,content_factors_backup!$A$2:$Q$468,I$525,FALSE()) -> 88 | J33: =VLOOKUP($A33,content_factors_backup!$A$2:$Q$468,J$525,FALSE()) -> 374 | K33: =VLOOKUP($A33,content_factors_backup!$A$2:$Q$468,K$525,FALSE()) -> 13.45 | L33: =VLOOKUP($A33,content_factors_backup!$A$2:$Q$468,L$525,FALSE()) -> 2.65 | M33: =VLOOKUP($A33,content_factors_backup!$A$2:$Q$468,M$525,FALSE()) -> 3.52 | N33: =VLOOKUP($A33,content_factors_backup!$A$2:$Q$468,N$525,FALSE()) -> 4.46 | O33: =VLOOKUP($A33,content_factors_backup!$A$2:$Q$468,O$525,FALSE()) -> 53 | P33: =VLOOKUP($A33,content_factors_backup!$A$2:$Q$468,P$525,FALSE()) -> 45 | ... W33: =VLOOKUP($A33,content_factors_backup!$A$2:$Q$468,W$525,FALSE()) -> 0
A34: 79 | B34: Millet | C34: Including inter alia: barnyard or Japanese millet (Echinocloa frumentacea); ragi, finger or African millet (Eleusine coracana); teff (Eragrostis abyssinica); common, golden or proso millet (Panicum miliaceum); koda or ditch millet (Paspalum scrobiculatum); pearl or cattail millet (Pennisetum glaucum); foxtail millet (Setaria italica). Small-grained cereals that include a large number of different botanical species. Originated by the domestication of wild African grasses in the Nile valley and the Sahel zone, millets were subsequently taken to China and India. These cereals tolerate arid conditions and possess a small, highly nutritious grain that stores well. Used locally, both as a food and as a livestock feed. In all areas where they are cultivated, millets are used in traditional beer brewing. Also used as a feed for birds. | E34: 100820 | F34: 100821, 100829 | G34: 118 | I34: =VLOOKUP($A34,content_factors_backup!$A$2:$Q$468,I$525,FALSE()) -> 86 | J34: =VLOOKUP($A34,content_factors_backup!$A$2:$Q$468,J$525,FALSE()) -> 341 | K34: =VLOOKUP($A34,content_factors_backup!$A$2:$Q$468,K$525,FALSE()) -> 9.6 | L34: =VLOOKUP($A34,content_factors_backup!$A$2:$Q$468,L$525,FALSE()) -> 6.15 | M34: =VLOOKUP($A34,content_factors_backup!$A$2:$Q$468,M$525,FALSE()) -> 2.07 | N34: =VLOOKUP($A34,content_factors_backup!$A$2:$Q$468,N$525,FALSE()) -> 7.5 | O34: =VLOOKUP($A34,content_factors_backup!$A$2:$Q$468,O$525,FALSE()) -> 22.5 | P34: =VLOOKUP($A34,content_factors_backup!$A$2:$Q$468,P$525,FALSE()) -> 29.287651 | ... W34: =VLOOKUP($A34,content_factors_backup!$A$2:$Q$468,W$525,FALSE()) -> 0
A35: 81 | B35: Bran, millet | C35: A milling by-product. | E35: 230240 | F35: 230240 | G35: 39120.07 | I35: =VLOOKUP($A35,content_factors_backup!$A$2:$Q$468,I$525,FALSE()) -> 88.5 | J35: =VLOOKUP($A35,content_factors_backup!$A$2:$Q$468,J$525,FALSE()) -> 119 | K35: =VLOOKUP($A35,content_factors_backup!$A$2:$Q$468,K$525,FALSE()) -> 3.51 | L35: =VLOOKUP($A35,content_factors_backup!$A$2:$Q$468,L$525,FALSE()) -> 1.3 | M35: =VLOOKUP($A35,content_factors_backup!$A$2:$Q$468,M$525,FALSE()) -> 0.91 | N35: =VLOOKUP($A35,content_factors_backup!$A$2:$Q$468,N$525,FALSE()) -> 0.63 | O35: =VLOOKUP($A35,content_factors_backup!$A$2:$Q$468,O$525,FALSE()) -> 3 | P35: =VLOOKUP($A35,content_factors_backup!$A$2:$Q$468,P$525,FALSE()) -> 19 | ... W35: =VLOOKUP($A35,content_factors_backup!$A$2:$Q$468,W$525,FALSE()) -> 0
A36: 83 | B36: Sorghum | C36: Sorghum spp.: guinea corn (S. guineense); common, milo, feterita, kaffir corn (S. vulgare); durra, jowar, kaoliang (S. dura). A cereal that has both food and feed uses. Sorghum is a major food grain in most of Africa, where it is also used in traditional beer brewing. It is desirable to report hybrid and other varieties separately. | E36: 100700 | F36: 100710, 100790 | G36: 114 | I36: =VLOOKUP($A36,content_factors_backup!$A$2:$Q$468,I$525,FALSE()) -> 86 | J36: =VLOOKUP($A36,content_factors_backup!$A$2:$Q$468,J$525,FALSE()) -> 348.5 | K36: =VLOOKUP($A36,content_factors_backup!$A$2:$Q$468,K$525,FALSE()) -> 10.7 | L36: =VLOOKUP($A36,content_factors_backup!$A$2:$Q$468,L$525,FALSE()) -> 2 | M36: =VLOOKUP($A36,content_factors_backup!$A$2:$Q$468,M$525,FALSE()) -> 1.8785167 | N36: =VLOOKUP($A36,content_factors_backup!$A$2:$Q$468,N$525,FALSE()) -> 4.5 | O36: =VLOOKUP($A36,content_factors_backup!$A$2:$Q$468,O$525,FALSE()) -> 23 | P36: =VLOOKUP($A36,content_factors_backup!$A$2:$Q$468,P$525,FALSE()) -> 29.286637 | ... W36: =VLOOKUP($A36,content_factors_backup!$A$2:$Q$468,W$525,FALSE()) -> 0.41666667
A37: 85 | B37: Bran, sorghum | C37: A milling by-product. | E37: 230240 | F37: 230240 | G37: 39120.08 | I37: =VLOOKUP($A37,content_factors_backup!$A$2:$Q$468,I$525,FALSE()) -> 88 | J37: =VLOOKUP($A37,content_factors_backup!$A$2:$Q$468,J$525,FALSE()) -> 357 | K37: =VLOOKUP($A37,content_factors_backup!$A$2:$Q$468,K$525,FALSE()) -> 9.53 | L37: =VLOOKUP($A37,content_factors_backup!$A$2:$Q$468,L$525,FALSE()) -> 1.9 | M37: =VLOOKUP($A37,content_factors_backup!$A$2:$Q$468,M$525,FALSE()) -> 0.47 | N37: =VLOOKUP($A37,content_factors_backup!$A$2:$Q$468,N$525,FALSE()) -> 0.97 | O37: =VLOOKUP($A37,content_factors_backup!$A$2:$Q$468,O$525,FALSE()) -> 6 | P37: =VLOOKUP($A37,content_factors_backup!$A$2:$Q$468,P$525,FALSE()) -> 0 | ... W37: =VLOOKUP($A37,content_factors_backup!$A$2:$Q$468,W$525,FALSE()) -> 0
A38: 86 | B38: Beer of sorghum | C38: A traditional beer prepared in African countries in which sorghum is cultivated. It is normally consumed while still fermenting. | E38: 220300 | F38: 220300 | G38: 24310.04 | I38: =VLOOKUP($A38,content_factors_backup!$A$2:$Q$468,I$525,FALSE()) -> #N/A | J38: =VLOOKUP($A38,content_factors_backup!$A$2:$Q$468,J$525,FALSE()) -> #N/A | K38: =VLOOKUP($A38,content_factors_backup!$A$2:$Q$468,K$525,FALSE()) -> #N/A | L38: =VLOOKUP($A38,content_factors_backup!$A$2:$Q$468,L$525,FALSE()) -> #N/A | M38: =VLOOKUP($A38,content_factors_backup!$A$2:$Q$468,M$525,FALSE()) -> #N/A | N38: =VLOOKUP($A38,content_factors_backup!$A$2:$Q$468,N$525,FALSE()) -> #N/A | O38: =VLOOKUP($A38,content_factors_backup!$A$2:$Q$468,O$525,FALSE()) -> #N/A | P38: =VLOOKUP($A38,content_factors_backup!$A$2:$Q$468,P$525,FALSE()) -> #N/A | ... W38: =VLOOKUP($A38,content_factors_backup!$A$2:$Q$468,W$525,FALSE()) -> #N/A
A39: 89 | B39: Buckwheat | C39: Fagopyrum esculentum (Polygonaceae). A minor cereal cultivated primarily in northern regions. Buckwheat is considered a cereal, although it does not belong to the gramineous family. | E39: 100810 | F39: 100810 | G39: 1192 | I39: =VLOOKUP($A39,content_factors_backup!$A$2:$Q$468,I$525,FALSE()) -> 86 | J39: =VLOOKUP($A39,content_factors_backup!$A$2:$Q$468,J$525,FALSE()) -> 330 | K39: =VLOOKUP($A39,content_factors_backup!$A$2:$Q$468,K$525,FALSE()) -> 10 | L39: =VLOOKUP($A39,content_factors_backup!$A$2:$Q$468,L$525,FALSE()) -> 9.3 | M39: =VLOOKUP($A39,content_factors_backup!$A$2:$Q$468,M$525,FALSE()) -> 2.4 | N39: =VLOOKUP($A39,content_factors_backup!$A$2:$Q$468,N$525,FALSE()) -> 5.3 | O39: =VLOOKUP($A39,content_factors_backup!$A$2:$Q$468,O$525,FALSE()) -> 43 | P39: =VLOOKUP($A39,content_factors_backup!$A$2:$Q$468,P$525,FALSE()) -> 30 | ... W39: =VLOOKUP($A39,content_factors_backup!$A$2:$Q$468,W$525,FALSE()) -> 1.5
A40: 91 | B40: Bran, buckwheat | C40: A milling by-product. | E40: 230240 | F40: 230240 | G40: 39120.09 | I40: =VLOOKUP($A40,content_factors_backup!$A$2:$Q$468,I$525,FALSE()) -> 88.5 | J40: =VLOOKUP($A40,content_factors_backup!$A$2:$Q$468,J$525,FALSE()) -> 343 | K40: =VLOOKUP($A40,content_factors_backup!$A$2:$Q$468,K$525,FALSE()) -> 13.25 | L40: =VLOOKUP($A40,content_factors_backup!$A$2:$Q$468,L$525,FALSE()) -> 10 | M40: =VLOOKUP($A40,content_factors_backup!$A$2:$Q$468,M$525,FALSE()) -> 2.4 | N40: =VLOOKUP($A40,content_factors_backup!$A$2:$Q$468,N$525,FALSE()) -> 2.2 | O40: =VLOOKUP($A40,content_factors_backup!$A$2:$Q$468,O$525,FALSE()) -> 18 | P40: =VLOOKUP($A40,content_factors_backup!$A$2:$Q$468,P$525,FALSE()) -> 30 | ... W40: =VLOOKUP($A40,content_factors_backup!$A$2:$Q$468,W$525,FALSE()) -> 0
A41: 92 | B41: Quinoa | C41: Chenopodium quinoa (Chenopodiaceae). A minor cereal, which tolerates high altitudes, quinoa is cultivated primarily in andean countries. Used for food and to make chicha, a fermented beverage. | E41: 100890 | F41: 100850 | G41: 1194 | I41: =VLOOKUP($A41,content_factors_backup!$A$2:$Q$468,I$525,FALSE()) -> 86 | J41: =VLOOKUP($A41,content_factors_backup!$A$2:$Q$468,J$525,FALSE()) -> #N/A | K41: =VLOOKUP($A41,content_factors_backup!$A$2:$Q$468,K$525,FALSE()) -> #N/A | L41: =VLOOKUP($A41,content_factors_backup!$A$2:$Q$468,L$525,FALSE()) -> #N/A | M41: =VLOOKUP($A41,content_factors_backup!$A$2:$Q$468,M$525,FALSE()) -> #N/A | N41: =VLOOKUP($A41,content_factors_backup!$A$2:$Q$468,N$525,FALSE()) -> #N/A | O41: =VLOOKUP($A41,content_factors_backup!$A$2:$Q$468,O$525,FALSE()) -> #N/A | P41: =VLOOKUP($A41,content_factors_backup!$A$2:$Q$468,P$525,FALSE()) -> #N/A | ... W41: =VLOOKUP($A41,content_factors_backup!$A$2:$Q$468,W$525,FALSE()) -> #N/A
A42: 94 | B42: Fonio | C42: Digitaria spp.: fonio or findi (D. exilis); black fonio or hungry rice (D. iburua). A minor cereal of importance only in West Africa where it is eaten in place of rice during famines. The seeds are cooked by steaming the whole grain. | E42: 100890 | F42: 100840 | G42: 1193 | I42: =VLOOKUP($A42,content_factors_backup!$A$2:$Q$468,I$525,FALSE()) -> 86 | J42: =VLOOKUP($A42,content_factors_backup!$A$2:$Q$468,J$525,FALSE()) -> 348 | K42: =VLOOKUP($A42,content_factors_backup!$A$2:$Q$468,K$525,FALSE()) -> 7.4 | L42: =VLOOKUP($A42,content_factors_backup!$A$2:$Q$468,L$525,FALSE()) -> 2.2404517 | M42: =VLOOKUP($A42,content_factors_backup!$A$2:$Q$468,M$525,FALSE()) -> 2.0177672 | N42: =VLOOKUP($A42,content_factors_backup!$A$2:$Q$468,N$525,FALSE()) -> 8.5 | O42: =VLOOKUP($A42,content_factors_backup!$A$2:$Q$468,O$525,FALSE()) -> 40 | P42: =VLOOKUP($A42,content_factors_backup!$A$2:$Q$468,P$525,FALSE()) -> 29 | ... W42: =VLOOKUP($A42,content_factors_backup!$A$2:$Q$468,W$525,FALSE()) -> 0
A43: 95 | B43: Flour, fonio | C43: Broadly defined to include meal, groats and pellets. | E43: 110290, 110319, 110320 | F43: 110290, 110319, 110320 | G43: 23120.08 | I43: =VLOOKUP($A43,content_factors_backup!$A$2:$Q$468,I$525,FALSE()) -> #N/A | J43: =VLOOKUP($A43,content_factors_backup!$A$2:$Q$468,J$525,FALSE()) -> #N/A | K43: =VLOOKUP($A43,content_factors_backup!$A$2:$Q$468,K$525,FALSE()) -> #N/A | L43: =VLOOKUP($A43,content_factors_backup!$A$2:$Q$468,L$525,FALSE()) -> #N/A | M43: =VLOOKUP($A43,content_factors_backup!$A$2:$Q$468,M$525,FALSE()) -> #N/A | N43: =VLOOKUP($A43,content_factors_backup!$A$2:$Q$468,N$525,FALSE()) -> #N/A | O43: =VLOOKUP($A43,content_factors_backup!$A$2:$Q$468,O$525,FALSE()) -> #N/A | P43: =VLOOKUP($A43,content_factors_backup!$A$2:$Q$468,P$525,FALSE()) -> #N/A | ... W43: =VLOOKUP($A43,content_factors_backup!$A$2:$Q$468,W$525,FALSE()) -> #N/A
A44: 96 | B44: Bran, fonio | C44: A milling by-product. | E44: 230240 | F44: 230240 | G44: 39120.1 | I44: =VLOOKUP($A44,content_factors_backup!$A$2:$Q$468,I$525,FALSE()) -> #N/A | J44: =VLOOKUP($A44,content_factors_backup!$A$2:$Q$468,J$525,FALSE()) -> #N/A | K44: =VLOOKUP($A44,content_factors_backup!$A$2:$Q$468,K$525,FALSE()) -> #N/A | L44: =VLOOKUP($A44,content_factors_backup!$A$2:$Q$468,L$525,FALSE()) -> #N/A | M44: =VLOOKUP($A44,content_factors_backup!$A$2:$Q$468,M$525,FALSE()) -> #N/A | N44: =VLOOKUP($A44,content_factors_backup!$A$2:$Q$468,N$525,FALSE()) -> #N/A | O44: =VLOOKUP($A44,content_factors_backup!$A$2:$Q$468,O$525,FALSE()) -> #N/A | P44: =VLOOKUP($A44,content_factors_backup!$A$2:$Q$468,P$525,FALSE()) -> #N/A | ... W44: =VLOOKUP($A44,content_factors_backup!$A$2:$Q$468,W$525,FALSE()) -> #N/A
A45: 97 | B45: Triticale | C45: A minor cereal that is a cross between wheat and rye, combining the quality and yield of wheat with the hardiness of rye. | E45: 100890 | F45: 100860 | G45: 1191 | I45: =VLOOKUP($A45,content_factors_backup!$A$2:$Q$468,I$525,FALSE()) -> 86 | J45: =VLOOKUP($A45,content_factors_backup!$A$2:$Q$468,J$525,FALSE()) -> 336 | K45: =VLOOKUP($A45,content_factors_backup!$A$2:$Q$468,K$525,FALSE()) -> 13.05 | L45: =VLOOKUP($A45,content_factors_backup!$A$2:$Q$468,L$525,FALSE()) -> 0 | M45: =VLOOKUP($A45,content_factors_backup!$A$2:$Q$468,M$525,FALSE()) -> 3.45 | N45: =VLOOKUP($A45,content_factors_backup!$A$2:$Q$468,N$525,FALSE()) -> 2.57 | O45: =VLOOKUP($A45,content_factors_backup!$A$2:$Q$468,O$525,FALSE()) -> 37 | P45: =VLOOKUP($A45,content_factors_backup!$A$2:$Q$468,P$525,FALSE()) -> 73 | ... W45: =VLOOKUP($A45,content_factors_backup!$A$2:$Q$468,W$525,FALSE()) -> 0
A46: 101 | B46: Canary seed | C46: Phalaris canariensis. Minor cereal normally used as bird feed. | E46: 100830 | F46: 100830 | G46: 1195 | I46: =VLOOKUP($A46,content_factors_backup!$A$2:$Q$468,I$525,FALSE()) -> 86 | J46: =VLOOKUP($A46,content_factors_backup!$A$2:$Q$468,J$525,FALSE()) -> 368.75 | K46: =VLOOKUP($A46,content_factors_backup!$A$2:$Q$468,K$525,FALSE()) -> 11.75 | L46: =VLOOKUP($A46,content_factors_backup!$A$2:$Q$468,L$525,FALSE()) -> 7 | M46: =VLOOKUP($A46,content_factors_backup!$A$2:$Q$468,M$525,FALSE()) -> 3.1 | N46: =VLOOKUP($A46,content_factors_backup!$A$2:$Q$468,N$525,FALSE()) -> 5.2 | O46: =VLOOKUP($A46,content_factors_backup!$A$2:$Q$468,O$525,FALSE()) -> 78 | P46: =VLOOKUP($A46,content_factors_backup!$A$2:$Q$468,P$525,FALSE()) -> 184 | ... W46: =VLOOKUP($A46,content_factors_backup!$A$2:$Q$468,W$525,FALSE()) -> 0
A47: 103 | B47: Grain, mixed | C47: A mixture of cereal species that are sown and harvested together. The mixture wheat/rye is known as meslin, but in trade is usually classified with wheat. | E47: 100890 | F47: 100890 | G47: 1199.02 | I47: =VLOOKUP($A47,content_factors_backup!$A$2:$Q$468,I$525,FALSE()) -> 86 | J47: =VLOOKUP($A47,content_factors_backup!$A$2:$Q$468,J$525,FALSE()) -> 342 | K47: =VLOOKUP($A47,content_factors_backup!$A$2:$Q$468,K$525,FALSE()) -> 11.02 | L47: =VLOOKUP($A47,content_factors_backup!$A$2:$Q$468,L$525,FALSE()) -> 12.2 | M47: =VLOOKUP($A47,content_factors_backup!$A$2:$Q$468,M$525,FALSE()) -> 2.65 | N47: =VLOOKUP($A47,content_factors_backup!$A$2:$Q$468,N$525,FALSE()) -> 3.21 | O47: =VLOOKUP($A47,content_factors_backup!$A$2:$Q$468,O$525,FALSE()) -> 27 | P47: =VLOOKUP($A47,content_factors_backup!$A$2:$Q$468,P$525,FALSE()) -> 38 | ... W47: =VLOOKUP($A47,content_factors_backup!$A$2:$Q$468,W$525,FALSE()) -> 0
A48: 104 | B48: Flour, mixed grain | C48: Broadly defined to include meal, groats and pellets. | E48: 110290, 110319, 110320 | F48: 110290, 110319, 110320 | G48: 23120.1 | I48: =VLOOKUP($A48,content_factors_backup!$A$2:$Q$468,I$525,FALSE()) -> 88 | J48: =VLOOKUP($A48,content_factors_backup!$A$2:$Q$468,J$525,FALSE()) -> 340 | K48: =VLOOKUP($A48,content_factors_backup!$A$2:$Q$468,K$525,FALSE()) -> 13.21 | L48: =VLOOKUP($A48,content_factors_backup!$A$2:$Q$468,L$525,FALSE()) -> 10.7 | M48: =VLOOKUP($A48,content_factors_backup!$A$2:$Q$468,M$525,FALSE()) -> 2.6 | N48: =VLOOKUP($A48,content_factors_backup!$A$2:$Q$468,N$525,FALSE()) -> 3.6 | O48: =VLOOKUP($A48,content_factors_backup!$A$2:$Q$468,O$525,FALSE()) -> 34 | P48: =VLOOKUP($A48,content_factors_backup!$A$2:$Q$468,P$525,FALSE()) -> 44 | ... W48: =VLOOKUP($A48,content_factors_backup!$A$2:$Q$468,W$525,FALSE()) -> 0
A49: 108 | B49: Cereals nes | C49: Including inter alia: canagua or coaihua (Chenopodium pallidicaule); quihuicha or Inca wheat (Amaranthus caudatus); adlay or Job's tears (Coix lacryma-jobi); wild rice (Zizania aquatica). Other cereal crops that are not identified separately because of their minor relevance at the international level. Because of their limited local importance, some countries report cereals under this commodity heading that are classified individually by FAO. | E49: 100890 | F49: 100890 | G49: 1199.9 | I49: =VLOOKUP($A49,content_factors_backup!$A$2:$Q$468,I$525,FALSE()) -> 86 | J49: =VLOOKUP($A49,content_factors_backup!$A$2:$Q$468,J$525,FALSE()) -> 344.5 | K49: =VLOOKUP($A49,content_factors_backup!$A$2:$Q$468,K$525,FALSE()) -> 13.8 | L49: =VLOOKUP($A49,content_factors_backup!$A$2:$Q$468,L$525,FALSE()) -> 2.6 | M49: =VLOOKUP($A49,content_factors_backup!$A$2:$Q$468,M$525,FALSE()) -> 3.9 | N49: =VLOOKUP($A49,content_factors_backup!$A$2:$Q$468,N$525,FALSE()) -> 13 | O49: =VLOOKUP($A49,content_factors_backup!$A$2:$Q$468,O$525,FALSE()) -> 141 | P49: =VLOOKUP($A49,content_factors_backup!$A$2:$Q$468,P$525,FALSE()) -> 0 | ... W49: =VLOOKUP($A49,content_factors_backup!$A$2:$Q$468,W$525,FALSE()) -> 0
A50: 109 | B50: Infant food | C50: Preparations for infant consumption, usually containing some non-cereal ingredients. | E50: 190110 | F50: 190110 | G50: 23991.01 | I50: =VLOOKUP($A50,content_factors_backup!$A$2:$Q$468,I$525,FALSE()) -> 50 | J50: =VLOOKUP($A50,content_factors_backup!$A$2:$Q$468,J$525,FALSE()) -> #N/A | K50: =VLOOKUP($A50,content_factors_backup!$A$2:$Q$468,K$525,FALSE()) -> #N/A | L50: =VLOOKUP($A50,content_factors_backup!$A$2:$Q$468,L$525,FALSE()) -> #N/A | M50: =VLOOKUP($A50,content_factors_backup!$A$2:$Q$468,M$525,FALSE()) -> #N/A | N50: =VLOOKUP($A50,content_factors_backup!$A$2:$Q$468,N$525,FALSE()) -> #N/A | O50: =VLOOKUP($A50,content_factors_backup!$A$2:$Q$468,O$525,FALSE()) -> #N/A | P50: =VLOOKUP($A50,content_factors_backup!$A$2:$Q$468,P$525,FALSE()) -> #N/A | ... W50: =VLOOKUP($A50,content_factors_backup!$A$2:$Q$468,W$525,FALSE()) -> #N/A
A51: 110 | B51: Wafers | C51: Communion wafers, empty cachets for pharmaceutical use and sealing wafers. | E51: 190590 | F51: 190590 | G51: 23490.01 | I51: =VLOOKUP($A51,content_factors_backup!$A$2:$Q$468,I$525,FALSE()) -> 90 | J51: =VLOOKUP($A51,content_factors_backup!$A$2:$Q$468,J$525,FALSE()) -> 208 | K51: =VLOOKUP($A51,content_factors_backup!$A$2:$Q$468,K$525,FALSE()) -> 8.5 | L51: =VLOOKUP($A51,content_factors_backup!$A$2:$Q$468,L$525,FALSE()) -> 2.8 | M51: =VLOOKUP($A51,content_factors_backup!$A$2:$Q$468,M$525,FALSE()) -> 1.04 | N51: =VLOOKUP($A51,content_factors_backup!$A$2:$Q$468,N$525,FALSE()) -> 3.11 | O51: =VLOOKUP($A51,content_factors_backup!$A$2:$Q$468,O$525,FALSE()) -> 250 | P51: =VLOOKUP($A51,content_factors_backup!$A$2:$Q$468,P$525,FALSE()) -> 29 | ... W51: =VLOOKUP($A51,content_factors_backup!$A$2:$Q$468,W$525,FALSE()) -> 64
A52: 111 | B52: Flour, cereals | C52: Broadly defined to include meal, groats and pellets. | E52: 110290, 110319, 110320 | F52: 110290, 110319, 110320 | G52: 23120.9 | I52: =VLOOKUP($A52,content_factors_backup!$A$2:$Q$468,I$525,FALSE()) -> 88 | J52: =VLOOKUP($A52,content_factors_backup!$A$2:$Q$468,J$525,FALSE()) -> 348 | K52: =VLOOKUP($A52,content_factors_backup!$A$2:$Q$468,K$525,FALSE()) -> 11.4 | L52: =VLOOKUP($A52,content_factors_backup!$A$2:$Q$468,L$525,FALSE()) -> 0.4 | M52: =VLOOKUP($A52,content_factors_backup!$A$2:$Q$468,M$525,FALSE()) -> 1.1 | N52: =VLOOKUP($A52,content_factors_backup!$A$2:$Q$468,N$525,FALSE()) -> 2.2 | O52: =VLOOKUP($A52,content_factors_backup!$A$2:$Q$468,O$525,FALSE()) -> 29.5 | P52: =VLOOKUP($A52,content_factors_backup!$A$2:$Q$468,P$525,FALSE()) -> 25 | ... W52: =VLOOKUP($A52,content_factors_backup!$A$2:$Q$468,W$525,FALSE()) -> 0
A53: 113 | B53: Cereal preparations nes | C53: Cereal grains, excluding barley and oats, that are either rolled, flaked, pearled, sliced or kibbled. | E53: 110419, 110423, 110429 | F53: 110419, 110423, 110429 | G53: 23140.08 | I53: =VLOOKUP($A53,content_factors_backup!$A$2:$Q$468,I$525,FALSE()) -> 88 | J53: =VLOOKUP($A53,content_factors_backup!$A$2:$Q$468,J$525,FALSE()) -> 62 | K53: =VLOOKUP($A53,content_factors_backup!$A$2:$Q$468,K$525,FALSE()) -> 2 | L53: =VLOOKUP($A53,content_factors_backup!$A$2:$Q$468,L$525,FALSE()) -> 1.6 | M53: =VLOOKUP($A53,content_factors_backup!$A$2:$Q$468,M$525,FALSE()) -> 0.48 | N53: =VLOOKUP($A53,content_factors_backup!$A$2:$Q$468,N$525,FALSE()) -> 0.62 | O53: =VLOOKUP($A53,content_factors_backup!$A$2:$Q$468,O$525,FALSE()) -> 7 | P53: =VLOOKUP($A53,content_factors_backup!$A$2:$Q$468,P$525,FALSE()) -> 14 | ... W53: =VLOOKUP($A53,content_factors_backup!$A$2:$Q$468,W$525,FALSE()) -> 0
A54: 114 | B54: Mixes and doughs | C54: Used in the preparation of bakers' wares. | E54: 190120 | F54: 190120 | G54: 23180 | I54: =VLOOKUP($A54,content_factors_backup!$A$2:$Q$468,I$525,FALSE()) -> 80 | J54: =VLOOKUP($A54,content_factors_backup!$A$2:$Q$468,J$525,FALSE()) -> 361 | K54: =VLOOKUP($A54,content_factors_backup!$A$2:$Q$468,K$525,FALSE()) -> 11.98 | L54: =VLOOKUP($A54,content_factors_backup!$A$2:$Q$468,L$525,FALSE()) -> 2.4 | M54: =VLOOKUP($A54,content_factors_backup!$A$2:$Q$468,M$525,FALSE()) -> 0.85 | N54: =VLOOKUP($A54,content_factors_backup!$A$2:$Q$468,N$525,FALSE()) -> 4.41 | O54: =VLOOKUP($A54,content_factors_backup!$A$2:$Q$468,O$525,FALSE()) -> 15 | P54: =VLOOKUP($A54,content_factors_backup!$A$2:$Q$468,P$525,FALSE()) -> 183 | ... W54: =VLOOKUP($A54,content_factors_backup!$A$2:$Q$468,W$525,FALSE()) -> 0
A55: 115 | B55: Food preparations, flour, malt extract | C55: Food preparations of flour, meal, starch or malt extracts, that either do not contain, or contain less than 50%, cocoa powder. Also, food preparations of milk that either do not contain, or contain less than 10%, cocoa powder. | E55: 190190 | F55: 190190 | G55: 23999.02 | I55: =VLOOKUP($A55,content_factors_backup!$A$2:$Q$468,I$525,FALSE()) -> 88 | J55: =VLOOKUP($A55,content_factors_backup!$A$2:$Q$468,J$525,FALSE()) -> 124 | K55: =VLOOKUP($A55,content_factors_backup!$A$2:$Q$468,K$525,FALSE()) -> 4.37 | L55: =VLOOKUP($A55,content_factors_backup!$A$2:$Q$468,L$525,FALSE()) -> 0 | M55: =VLOOKUP($A55,content_factors_backup!$A$2:$Q$468,M$525,FALSE()) -> 0.37 | N55: =VLOOKUP($A55,content_factors_backup!$A$2:$Q$468,N$525,FALSE()) -> 1.13 | O55: =VLOOKUP($A55,content_factors_backup!$A$2:$Q$468,O$525,FALSE()) -> 6 | P55: =VLOOKUP($A55,content_factors_backup!$A$2:$Q$468,P$525,FALSE()) -> 43 | ... W55: =VLOOKUP($A55,content_factors_backup!$A$2:$Q$468,W$525,FALSE()) -> 0
A56: 116 | B56: Potatoes | C56: Solanum tuberosum Irish potato. A seasonal crop grown in temperate zones all over the world, but primarily in the northern hemisphere. | E56: 070110, 070190 | F56: 070110, 070190 | G56: 1510 | I56: =VLOOKUP($A56,content_factors_backup!$A$2:$Q$468,I$525,FALSE()) -> 22 | J56: =VLOOKUP($A56,content_factors_backup!$A$2:$Q$468,J$525,FALSE()) -> 79.5 | K56: =VLOOKUP($A56,content_factors_backup!$A$2:$Q$468,K$525,FALSE()) -> 2 | L56: =VLOOKUP($A56,content_factors_backup!$A$2:$Q$468,L$525,FALSE()) -> 1.6 | M56: =VLOOKUP($A56,content_factors_backup!$A$2:$Q$468,M$525,FALSE()) -> 0.3375 | N56: =VLOOKUP($A56,content_factors_backup!$A$2:$Q$468,N$525,FALSE()) -> 1 | O56: =VLOOKUP($A56,content_factors_backup!$A$2:$Q$468,O$525,FALSE()) -> 8 | P56: =VLOOKUP($A56,content_factors_backup!$A$2:$Q$468,P$525,FALSE()) -> 17.5 | ... W56: =VLOOKUP($A56,content_factors_backup!$A$2:$Q$468,W$525,FALSE()) -> 0
A57: 117 | B57: Flour, potatoes | C57: Produced from tubers that have been peeled, dried and milled. Includes flour, meal, flakes, granules and pellets. | E57: 110510, 110520 | F57: 110510, 110520 | G57: 21392 | I57: =VLOOKUP($A57,content_factors_backup!$A$2:$Q$468,I$525,FALSE()) -> 92.4 | J57: =VLOOKUP($A57,content_factors_backup!$A$2:$Q$468,J$525,FALSE()) -> 357 | K57: =VLOOKUP($A57,content_factors_backup!$A$2:$Q$468,K$525,FALSE()) -> 6.9 | L57: =VLOOKUP($A57,content_factors_backup!$A$2:$Q$468,L$525,FALSE()) -> 5.9 | M57: =VLOOKUP($A57,content_factors_backup!$A$2:$Q$468,M$525,FALSE()) -> 0.54 | N57: =VLOOKUP($A57,content_factors_backup!$A$2:$Q$468,N$525,FALSE()) -> 1.38 | O57: =VLOOKUP($A57,content_factors_backup!$A$2:$Q$468,O$525,FALSE()) -> 65 | P57: =VLOOKUP($A57,content_factors_backup!$A$2:$Q$468,P$525,FALSE()) -> 25 | ... W57: =VLOOKUP($A57,content_factors_backup!$A$2:$Q$468,W$525,FALSE()) -> 0
A58: 118 | B58: Potatoes, frozen | C58: Peeled potatoes that are either cooked or uncooked, sliced or unsliced, and then frozen. | E58: 71010 | F58: 71010 | G58: 21313 | I58: =VLOOKUP($A58,content_factors_backup!$A$2:$Q$468,I$525,FALSE()) -> 30 | J58: =VLOOKUP($A58,content_factors_backup!$A$2:$Q$468,J$525,FALSE()) -> 79.5 | K58: =VLOOKUP($A58,content_factors_backup!$A$2:$Q$468,K$525,FALSE()) -> 2 | L58: =VLOOKUP($A58,content_factors_backup!$A$2:$Q$468,L$525,FALSE()) -> 1.6 | M58: =VLOOKUP($A58,content_factors_backup!$A$2:$Q$468,M$525,FALSE()) -> 0.3375 | N58: =VLOOKUP($A58,content_factors_backup!$A$2:$Q$468,N$525,FALSE()) -> 1 | O58: =VLOOKUP($A58,content_factors_backup!$A$2:$Q$468,O$525,FALSE()) -> 8 | P58: =VLOOKUP($A58,content_factors_backup!$A$2:$Q$468,P$525,FALSE()) -> 17.5 | ... W58: =VLOOKUP($A58,content_factors_backup!$A$2:$Q$468,W$525,FALSE()) -> 0
A59: 120 | B59: Potato offals | C59: The residue and waste from the preparation of potatoes. | E59: 230800 | F59: 230800 | G59: 39130.03 | I59: =VLOOKUP($A59,content_factors_backup!$A$2:$Q$468,I$525,FALSE()) -> 22 | J59: =VLOOKUP($A59,content_factors_backup!$A$2:$Q$468,J$525,FALSE()) -> 79.5 | K59: =VLOOKUP($A59,content_factors_backup!$A$2:$Q$468,K$525,FALSE()) -> 2 | L59: =VLOOKUP($A59,content_factors_backup!$A$2:$Q$468,L$525,FALSE()) -> 1.6 | M59: =VLOOKUP($A59,content_factors_backup!$A$2:$Q$468,M$525,FALSE()) -> 0.3375 | N59: =VLOOKUP($A59,content_factors_backup!$A$2:$Q$468,N$525,FALSE()) -> 1 | O59: =VLOOKUP($A59,content_factors_backup!$A$2:$Q$468,O$525,FALSE()) -> 8 | P59: =VLOOKUP($A59,content_factors_backup!$A$2:$Q$468,P$525,FALSE()) -> 17.5 | ... W59: =VLOOKUP($A59,content_factors_backup!$A$2:$Q$468,W$525,FALSE()) -> 0
A60: 122 | B60: Sweet potatoes | C60: Ipomoea batatas. A seasonal crop grown in tropical and subtropical regions. Used mainly for human food. Trade data cover fresh and dried tubers, whether or not sliced or in the form or pellets. | E60: 71420 | F60: 71420 | G60: 1530 | I60: =VLOOKUP($A60,content_factors_backup!$A$2:$Q$468,I$525,FALSE()) -> 30 | J60: =VLOOKUP($A60,content_factors_backup!$A$2:$Q$468,J$525,FALSE()) -> 112 | K60: =VLOOKUP($A60,content_factors_backup!$A$2:$Q$468,K$525,FALSE()) -> 1.425 | L60: =VLOOKUP($A60,content_factors_backup!$A$2:$Q$468,L$525,FALSE()) -> 2.7 | M60: =VLOOKUP($A60,content_factors_backup!$A$2:$Q$468,M$525,FALSE()) -> 0.25 | N60: =VLOOKUP($A60,content_factors_backup!$A$2:$Q$468,N$525,FALSE()) -> 1.1 | O60: =VLOOKUP($A60,content_factors_backup!$A$2:$Q$468,O$525,FALSE()) -> 33 | P60: =VLOOKUP($A60,content_factors_backup!$A$2:$Q$468,P$525,FALSE()) -> 52 | ... W60: =VLOOKUP($A60,content_factors_backup!$A$2:$Q$468,W$525,FALSE()) -> 95.291667
A61: 125 | B61: Cassava | C61: Manioc, mandioca, yuca (Manihot esculenta, syn. M. utilissima); yuca dulce (M. palmata, syn. M. dulcis). A semi-permanent crop grown in tropical and subtropical regions. Sometimes bitter and sweet cassavas are referred to as separate species, the former being M. esculenta and the latter M. palmata, but this is incorrect since the toxicity varies according to location. Cassava is the staple food in many tropical countries. It is not traded internationally in its fresh state because tubers deteriorate very rapidly. | E61: 71410 | F61: 71410 | G61: 1520.01 | I61: =VLOOKUP($A61,content_factors_backup!$A$2:$Q$468,I$525,FALSE()) -> 30 | J61: =VLOOKUP($A61,content_factors_backup!$A$2:$Q$468,J$525,FALSE()) -> 147.5 | K61: =VLOOKUP($A61,content_factors_backup!$A$2:$Q$468,K$525,FALSE()) -> 1.15 | L61: =VLOOKUP($A61,content_factors_backup!$A$2:$Q$468,L$525,FALSE()) -> 1.7 | M61: =VLOOKUP($A61,content_factors_backup!$A$2:$Q$468,M$525,FALSE()) -> 0.34 | N61: =VLOOKUP($A61,content_factors_backup!$A$2:$Q$468,N$525,FALSE()) -> 1 | O61: =VLOOKUP($A61,content_factors_backup!$A$2:$Q$468,O$525,FALSE()) -> 33.5 | P61: =VLOOKUP($A61,content_factors_backup!$A$2:$Q$468,P$525,FALSE()) -> 25.5 | ... W61: =VLOOKUP($A61,content_factors_backup!$A$2:$Q$468,W$525,FALSE()) -> 6
A62: 126 | B62: Flour, cassava | C62: A product of tubers that have been peeled, dried and milled; mainly for human consumption. Includes flour, meal and flakes. | E62: 110620 | F62: 110620 | G62: 23170.01 | I62: =VLOOKUP($A62,content_factors_backup!$A$2:$Q$468,I$525,FALSE()) -> 88 | J62: =VLOOKUP($A62,content_factors_backup!$A$2:$Q$468,J$525,FALSE()) -> #N/A | K62: =VLOOKUP($A62,content_factors_backup!$A$2:$Q$468,K$525,FALSE()) -> #N/A | L62: =VLOOKUP($A62,content_factors_backup!$A$2:$Q$468,L$525,FALSE()) -> #N/A | M62: =VLOOKUP($A62,content_factors_backup!$A$2:$Q$468,M$525,FALSE()) -> #N/A | N62: =VLOOKUP($A62,content_factors_backup!$A$2:$Q$468,N$525,FALSE()) -> #N/A | O62: =VLOOKUP($A62,content_factors_backup!$A$2:$Q$468,O$525,FALSE()) -> #N/A | P62: =VLOOKUP($A62,content_factors_backup!$A$2:$Q$468,P$525,FALSE()) -> #N/A | ... W62: =VLOOKUP($A62,content_factors_backup!$A$2:$Q$468,W$525,FALSE()) -> #N/A
A63: 128 | B63: Cassava dried | C63: Includes peeled, sliced and sun-dried (cassava chips), as well as ground and compressed cassava (pellets). Used mainly as livestock feed. | E63: 71410 | F63: 71410 | G63: 1520.02 | I63: =VLOOKUP($A63,content_factors_backup!$A$2:$Q$468,I$525,FALSE()) -> 90 | J63: =VLOOKUP($A63,content_factors_backup!$A$2:$Q$468,J$525,FALSE()) -> 147.5 | K63: =VLOOKUP($A63,content_factors_backup!$A$2:$Q$468,K$525,FALSE()) -> 1.15 | L63: =VLOOKUP($A63,content_factors_backup!$A$2:$Q$468,L$525,FALSE()) -> 1.7 | M63: =VLOOKUP($A63,content_factors_backup!$A$2:$Q$468,M$525,FALSE()) -> 0.34 | N63: =VLOOKUP($A63,content_factors_backup!$A$2:$Q$468,N$525,FALSE()) -> 1 | O63: =VLOOKUP($A63,content_factors_backup!$A$2:$Q$468,O$525,FALSE()) -> 33.5 | P63: =VLOOKUP($A63,content_factors_backup!$A$2:$Q$468,P$525,FALSE()) -> 25.5 | ... W63: =VLOOKUP($A63,content_factors_backup!$A$2:$Q$468,W$525,FALSE()) -> 6
A64: 129 | B64: Starch, cassava | C64: See 119. The principal industrial outlet for cassava. Cassava starch is used in the foodstuffs, textile and paper industries for the manufacture of plywood and veneer, adhesives, glucose and dextrine. | E64: 110814 | F64: 110814 | G64: 23220.06 | I64: =VLOOKUP($A64,content_factors_backup!$A$2:$Q$468,I$525,FALSE()) -> 90 | J64: =VLOOKUP($A64,content_factors_backup!$A$2:$Q$468,J$525,FALSE()) -> 147.5 | K64: =VLOOKUP($A64,content_factors_backup!$A$2:$Q$468,K$525,FALSE()) -> 1.15 | L64: =VLOOKUP($A64,content_factors_backup!$A$2:$Q$468,L$525,FALSE()) -> 1.7 | M64: =VLOOKUP($A64,content_factors_backup!$A$2:$Q$468,M$525,FALSE()) -> 0.34 | N64: =VLOOKUP($A64,content_factors_backup!$A$2:$Q$468,N$525,FALSE()) -> 1 | O64: =VLOOKUP($A64,content_factors_backup!$A$2:$Q$468,O$525,FALSE()) -> 33.5 | P64: =VLOOKUP($A64,content_factors_backup!$A$2:$Q$468,P$525,FALSE()) -> 25.5 | ... W64: =VLOOKUP($A64,content_factors_backup!$A$2:$Q$468,W$525,FALSE()) -> 6
A65: 135 | B65: Yautia (cocoyam) | C65: Xanthosoma spp.; malanga, new cocoyam, ocumo, tannia (X. sagittifolium). Several plants are included in this group, some with edible tubers and others with edible stems (also called aroids). Yautia is grown mainly in the Caribbean and is used for food. Trade data cover both fresh and dried yautia. | E65: 71490 | F65: 71450 | G65: 1591 | I65: =VLOOKUP($A65,content_factors_backup!$A$2:$Q$468,I$525,FALSE()) -> 50 | J65: =VLOOKUP($A65,content_factors_backup!$A$2:$Q$468,J$525,FALSE()) -> #N/A | K65: =VLOOKUP($A65,content_factors_backup!$A$2:$Q$468,K$525,FALSE()) -> #N/A | L65: =VLOOKUP($A65,content_factors_backup!$A$2:$Q$468,L$525,FALSE()) -> #N/A | M65: =VLOOKUP($A65,content_factors_backup!$A$2:$Q$468,M$525,FALSE()) -> #N/A | N65: =VLOOKUP($A65,content_factors_backup!$A$2:$Q$468,N$525,FALSE()) -> #N/A | O65: =VLOOKUP($A65,content_factors_backup!$A$2:$Q$468,O$525,FALSE()) -> #N/A | P65: =VLOOKUP($A65,content_factors_backup!$A$2:$Q$468,P$525,FALSE()) -> #N/A | ... W65: =VLOOKUP($A65,content_factors_backup!$A$2:$Q$468,W$525,FALSE()) -> #N/A
A66: 136 | B66: Taro (cocoyam) | C66: Dasheen, eddoe, taro, old cocoyam(Colocasia esculenta). Aroids cultivated for their edible starchy corms or underground stems. Taro is grown throughout the tropics for food. Trade data cover both fresh and dried taro. | E66: 71490 | F66: 71440 | G66: 1550 | I66: =VLOOKUP($A66,content_factors_backup!$A$2:$Q$468,I$525,FALSE()) -> 50 | J66: =VLOOKUP($A66,content_factors_backup!$A$2:$Q$468,J$525,FALSE()) -> #N/A | K66: =VLOOKUP($A66,content_factors_backup!$A$2:$Q$468,K$525,FALSE()) -> #N/A | L66: =VLOOKUP($A66,content_factors_backup!$A$2:$Q$468,L$525,FALSE()) -> #N/A | M66: =VLOOKUP($A66,content_factors_backup!$A$2:$Q$468,M$525,FALSE()) -> #N/A | N66: =VLOOKUP($A66,content_factors_backup!$A$2:$Q$468,N$525,FALSE()) -> #N/A | O66: =VLOOKUP($A66,content_factors_backup!$A$2:$Q$468,O$525,FALSE()) -> #N/A | P66: =VLOOKUP($A66,content_factors_backup!$A$2:$Q$468,P$525,FALSE()) -> #N/A | ... W66: =VLOOKUP($A66,content_factors_backup!$A$2:$Q$468,W$525,FALSE()) -> #N/A
A67: 137 | B67: Yams | C67: Dioscorea spp.. The principal edible yams are widely grown throughout the tropics. A starchy staple foodstuff, normally eaten as a vegetable, boiled, baked or fried. In West Africa they are consumed mainly as "fufu", a stiff glutinous dough. Trade data cover both fresh and dried yams. | E67: 71490 | F67: 71430 | G67: 1540 | I67: =VLOOKUP($A67,content_factors_backup!$A$2:$Q$468,I$525,FALSE()) -> 26 | J67: =VLOOKUP($A67,content_factors_backup!$A$2:$Q$468,J$525,FALSE()) -> 112 | K67: =VLOOKUP($A67,content_factors_backup!$A$2:$Q$468,K$525,FALSE()) -> 1.9 | L67: =VLOOKUP($A67,content_factors_backup!$A$2:$Q$468,L$525,FALSE()) -> 1 | M67: =VLOOKUP($A67,content_factors_backup!$A$2:$Q$468,M$525,FALSE()) -> 0.325 | N67: =VLOOKUP($A67,content_factors_backup!$A$2:$Q$468,N$525,FALSE()) -> 0.8 | O67: =VLOOKUP($A67,content_factors_backup!$A$2:$Q$468,O$525,FALSE()) -> 26.903834 | P67: =VLOOKUP($A67,content_factors_backup!$A$2:$Q$468,P$525,FALSE()) -> 26 | ... W67: =VLOOKUP($A67,content_factors_backup!$A$2:$Q$468,W$525,FALSE()) -> 0.83333333
A68: 149 | B68: Roots and tubers nes | C68: Including inter alia: arracacha (Arracacoa xanthorrhiza); arrowroot (Maranta arundinacea); chufa (Cyperus esculentus); sago palm (Metroxylon spp.); oca and ullucu (Oxalis tuberosa and Ullucus tuberosus); yam bean, jicama (Pachyrxhizus erosus, P. angulatus); mashua (Tropaeolum tuberosum); Jerusalem artichoke, topinambur (Helianthus tuberosus). Other tubers, roots or rhizomes, fresh, that are not identified separately because of their minor relevance at the international level. Because of their limited local importance, some countries report roots and tubers under this commodity heading that are classified individually by FAO. | E68: 71490 | F68: 71490 | G68: 1599.1 | I68: =VLOOKUP($A68,content_factors_backup!$A$2:$Q$468,I$525,FALSE()) -> 25 | J68: =VLOOKUP($A68,content_factors_backup!$A$2:$Q$468,J$525,FALSE()) -> 95 | K68: =VLOOKUP($A68,content_factors_backup!$A$2:$Q$468,K$525,FALSE()) -> 1.5 | L68: =VLOOKUP($A68,content_factors_backup!$A$2:$Q$468,L$525,FALSE()) -> 1.2 | M68: =VLOOKUP($A68,content_factors_backup!$A$2:$Q$468,M$525,FALSE()) -> 0.28 | N68: =VLOOKUP($A68,content_factors_backup!$A$2:$Q$468,N$525,FALSE()) -> 1.25 | O68: =VLOOKUP($A68,content_factors_backup!$A$2:$Q$468,O$525,FALSE()) -> 23 | P68: =VLOOKUP($A68,content_factors_backup!$A$2:$Q$468,P$525,FALSE()) -> 14 | ... W68: =VLOOKUP($A68,content_factors_backup!$A$2:$Q$468,W$525,FALSE()) -> 2
A69: 150 | B69: Flour, roots and tubers nes | C69: Flour and meal produced from roots and tubers o/t potatoes and cassava. | E69: 110620 | F69: 110620 | G69: 23170.02 | I69: =VLOOKUP($A69,content_factors_backup!$A$2:$Q$468,I$525,FALSE()) -> 90 | J69: =VLOOKUP($A69,content_factors_backup!$A$2:$Q$468,J$525,FALSE()) -> 347 | K69: =VLOOKUP($A69,content_factors_backup!$A$2:$Q$468,K$525,FALSE()) -> 1.05 | L69: =VLOOKUP($A69,content_factors_backup!$A$2:$Q$468,L$525,FALSE()) -> 1.6 | M69: =VLOOKUP($A69,content_factors_backup!$A$2:$Q$468,M$525,FALSE()) -> 0.18 | N69: =VLOOKUP($A69,content_factors_backup!$A$2:$Q$468,N$525,FALSE()) -> 1.75 | O69: =VLOOKUP($A69,content_factors_backup!$A$2:$Q$468,O$525,FALSE()) -> 34.5 | P69: =VLOOKUP($A69,content_factors_backup!$A$2:$Q$468,P$525,FALSE()) -> 25 | ... W69: =VLOOKUP($A69,content_factors_backup!$A$2:$Q$468,W$525,FALSE()) -> 0
... A73: 161 | B73: Sugar crops nes | C73: Including inter alia: sugar maple (Acer saccharum); sweet sorghum (Sorghum saccharatum); sugar palm (Arenga saccharifera). Includes minor sugar crops of local importance. In the case of saps, production is to be expressed in liquid equivalent. | E73: 121299 | F73: 121299 | G73: 1809 | I73: =VLOOKUP($A73,content_factors_backup!$A$2:$Q$468,I$525,FALSE()) -> 17 | J73: =VLOOKUP($A73,content_factors_backup!$A$2:$Q$468,J$525,FALSE()) -> 387 | K73: =VLOOKUP($A73,content_factors_backup!$A$2:$Q$468,K$525,FALSE()) -> 0 | L73: =VLOOKUP($A73,content_factors_backup!$A$2:$Q$468,L$525,FALSE()) -> 1.55 | M73: =VLOOKUP($A73,content_factors_backup!$A$2:$Q$468,M$525,FALSE()) -> 0.02 | N73: =VLOOKUP($A73,content_factors_backup!$A$2:$Q$468,N$525,FALSE()) -> 0.37 | O73: =VLOOKUP($A73,content_factors_backup!$A$2:$Q$468,O$525,FALSE()) -> 8 | P73: =VLOOKUP($A73,content_factors_backup!$A$2:$Q$468,P$525,FALSE()) -> 0 | ... W73: =VLOOKUP($A73,content_factors_backup!$A$2:$Q$468,W$525,FALSE()) -> 0
A74: 162 | B74: Sugar Raw Centrifugal | C74: The sum of codes 158 and 159. Processed further to obtain refined sugar. | E74: 170111, 170112 | F74: 170112, 170114 | G74: 2351f | I74: =VLOOKUP($A74,content_factors_backup!$A$2:$Q$468,I$525,FALSE()) -> 99.5 | J74: =VLOOKUP($A74,content_factors_backup!$A$2:$Q$468,J$525,FALSE()) -> 397.2 | K74: =VLOOKUP($A74,content_factors_backup!$A$2:$Q$468,K$525,FALSE()) -> 0 | L74: =VLOOKUP($A74,content_factors_backup!$A$2:$Q$468,L$525,FALSE()) -> 0 | M74: =VLOOKUP($A74,content_factors_backup!$A$2:$Q$468,M$525,FALSE()) -> 0.02 | N74: =VLOOKUP($A74,content_factors_backup!$A$2:$Q$468,N$525,FALSE()) -> 0.2 | O74: =VLOOKUP($A74,content_factors_backup!$A$2:$Q$468,O$525,FALSE()) -> 6 | P74: =VLOOKUP($A74,content_factors_backup!$A$2:$Q$468,P$525,FALSE()) -> 0 | ... W74: =VLOOKUP($A74,content_factors_backup!$A$2:$Q$468,W$525,FALSE()) -> 0
A75: 163 | B75: Sugar non-centrifugal | C75: Generally derived from sugar cane through traditional methods without centrifugation. | E75: 170111 | F75: 170113 | G75: 23511.02 | I75: =VLOOKUP($A75,content_factors_backup!$A$2:$Q$468,I$525,FALSE()) -> 99.5 | J75: =VLOOKUP($A75,content_factors_backup!$A$2:$Q$468,J$525,FALSE()) -> 371 | K75: =VLOOKUP($A75,content_factors_backup!$A$2:$Q$468,K$525,FALSE()) -> 0.35 | L75: =VLOOKUP($A75,content_factors_backup!$A$2:$Q$468,L$525,FALSE()) -> 0 | M75: =VLOOKUP($A75,content_factors_backup!$A$2:$Q$468,M$525,FALSE()) -> 0.02 | N75: =VLOOKUP($A75,content_factors_backup!$A$2:$Q$468,N$525,FALSE()) -> 2.4 | O75: =VLOOKUP($A75,content_factors_backup!$A$2:$Q$468,O$525,FALSE()) -> 80 | P75: =VLOOKUP($A75,content_factors_backup!$A$2:$Q$468,P$525,FALSE()) -> 0 | ... W75: =VLOOKUP($A75,content_factors_backup!$A$2:$Q$468,W$525,FALSE()) -> 0
A76: 164 | B76: Sugar refined | C76: Production covers domestic production, plus or minus imports and/or exports of raw centrifugal sugar in terms of refined sugar. | E76: 170191, 170199 | F76: 170191, 170199 | G76: 23520 | I76: =VLOOKUP($A76,content_factors_backup!$A$2:$Q$468,I$525,FALSE()) -> 99.5 | J76: =VLOOKUP($A76,content_factors_backup!$A$2:$Q$468,J$525,FALSE()) -> 397.2 | K76: =VLOOKUP($A76,content_factors_backup!$A$2:$Q$468,K$525,FALSE()) -> 0 | L76: =VLOOKUP($A76,content_factors_backup!$A$2:$Q$468,L$525,FALSE()) -> 0 | M76: =VLOOKUP($A76,content_factors_backup!$A$2:$Q$468,M$525,FALSE()) -> 0.02 | N76: =VLOOKUP($A76,content_factors_backup!$A$2:$Q$468,N$525,FALSE()) -> 0.2 | O76: =VLOOKUP($A76,content_factors_backup!$A$2:$Q$468,O$525,FALSE()) -> 6 | P76: =VLOOKUP($A76,content_factors_backup!$A$2:$Q$468,P$525,FALSE()) -> 0 | ... W76: =VLOOKUP($A76,content_factors_backup!$A$2:$Q$468,W$525,FALSE()) -> 0
A77: 165 | B77: Molasses | C77: A by-product of the extraction or refining of beet or cane sugar or of the production of fructose from maize. Used for feed, food, industrial alcohol, alcoholic beverages and ethanol. | E77: 170310, 170390 | F77: 170310, 170390 | G77: 23540 | I77: =VLOOKUP($A77,content_factors_backup!$A$2:$Q$468,I$525,FALSE()) -> 76 | J77: =VLOOKUP($A77,content_factors_backup!$A$2:$Q$468,J$525,FALSE()) -> 290 | K77: =VLOOKUP($A77,content_factors_backup!$A$2:$Q$468,K$525,FALSE()) -> 0 | L77: =VLOOKUP($A77,content_factors_backup!$A$2:$Q$468,L$525,FALSE()) -> 0 | M77: =VLOOKUP($A77,content_factors_backup!$A$2:$Q$468,M$525,FALSE()) -> 0.29 | N77: =VLOOKUP($A77,content_factors_backup!$A$2:$Q$468,N$525,FALSE()) -> 4.72 | O77: =VLOOKUP($A77,content_factors_backup!$A$2:$Q$468,O$525,FALSE()) -> 205 | P77: =VLOOKUP($A77,content_factors_backup!$A$2:$Q$468,P$525,FALSE()) -> 0 | ... W77: =VLOOKUP($A77,content_factors_backup!$A$2:$Q$468,W$525,FALSE()) -> 0
A78: 166 | B78: Fructose and syrup, other | C78: Monosaccharide found in fruits and honey, commercially produced from glucose, sucrose or by hydrolysis of inulin (polysaccharide found mainly in the tubers of the dahlia and the Jerusalem artichoke). Especially suitable for use by diabetics. | E78: 170260 | F78: 170260 | G78: 23210.03 | I78: =VLOOKUP($A78,content_factors_backup!$A$2:$Q$468,I$525,FALSE()) -> 76 | J78: =VLOOKUP($A78,content_factors_backup!$A$2:$Q$468,J$525,FALSE()) -> 310 | K78: =VLOOKUP($A78,content_factors_backup!$A$2:$Q$468,K$525,FALSE()) -> 0.09 | L78: =VLOOKUP($A78,content_factors_backup!$A$2:$Q$468,L$525,FALSE()) -> 0.2 | M78: =VLOOKUP($A78,content_factors_backup!$A$2:$Q$468,M$525,FALSE()) -> 0.01 | N78: =VLOOKUP($A78,content_factors_backup!$A$2:$Q$468,N$525,FALSE()) -> 0.09 | O78: =VLOOKUP($A78,content_factors_backup!$A$2:$Q$468,O$525,FALSE()) -> 1 | P78: =VLOOKUP($A78,content_factors_backup!$A$2:$Q$468,P$525,FALSE()) -> 30 | ... W78: =VLOOKUP($A78,content_factors_backup!$A$2:$Q$468,W$525,FALSE()) -> 8
A79: 167 | B79: Sugar nes | C79: Includes invert sugar, caramel, golden syrup, artificial honey, maltose other than chemically pure, sorghum and palm sugars. See also the general note in the introduction. | E79: 170290 | F79: 170290 | G79: 23210.04 | I79: =VLOOKUP($A79,content_factors_backup!$A$2:$Q$468,I$525,FALSE()) -> 87.5 | J79: =VLOOKUP($A79,content_factors_backup!$A$2:$Q$468,J$525,FALSE()) -> 397.2 | K79: =VLOOKUP($A79,content_factors_backup!$A$2:$Q$468,K$525,FALSE()) -> 0 | L79: =VLOOKUP($A79,content_factors_backup!$A$2:$Q$468,L$525,FALSE()) -> 0 | M79: =VLOOKUP($A79,content_factors_backup!$A$2:$Q$468,M$525,FALSE()) -> 0.02 | N79: =VLOOKUP($A79,content_factors_backup!$A$2:$Q$468,N$525,FALSE()) -> 0.2 | O79: =VLOOKUP($A79,content_factors_backup!$A$2:$Q$468,O$525,FALSE()) -> 6 | P79: =VLOOKUP($A79,content_factors_backup!$A$2:$Q$468,P$525,FALSE()) -> 0 | ... W79: =VLOOKUP($A79,content_factors_backup!$A$2:$Q$468,W$525,FALSE()) -> 0
A80: 168 | B80: Sugar confectionery | C80: Sugar confectionery, including chewing gum, that does not contain cocoa. Includes white chocolate. | E80: 170410, 170490 | F80: 170410, 170490 | G80: 23670.01 | I80: =VLOOKUP($A80,content_factors_backup!$A$2:$Q$468,I$525,FALSE()) -> 87 | J80: =VLOOKUP($A80,content_factors_backup!$A$2:$Q$468,J$525,FALSE()) -> 360 | K80: =VLOOKUP($A80,content_factors_backup!$A$2:$Q$468,K$525,FALSE()) -> 0 | L80: =VLOOKUP($A80,content_factors_backup!$A$2:$Q$468,L$525,FALSE()) -> 2.4 | M80: =VLOOKUP($A80,content_factors_backup!$A$2:$Q$468,M$525,FALSE()) -> 0 | N80: =VLOOKUP($A80,content_factors_backup!$A$2:$Q$468,N$525,FALSE()) -> 0 | O80: =VLOOKUP($A80,content_factors_backup!$A$2:$Q$468,O$525,FALSE()) -> 0 | P80: =VLOOKUP($A80,content_factors_backup!$A$2:$Q$468,P$525,FALSE()) -> 0 | ... W80: =VLOOKUP($A80,content_factors_backup!$A$2:$Q$468,W$525,FALSE()) -> 0
A81: 169 | B81: Beet pulp | C81: Residue from the extraction of sugar from the root of sugar beets. Used for animal feed. | E81: 230320 | F81: 230320 | G81: 39140.01 | I81: =VLOOKUP($A81,content_factors_backup!$A$2:$Q$468,I$525,FALSE()) -> 87 | J81: =VLOOKUP($A81,content_factors_backup!$A$2:$Q$468,J$525,FALSE()) -> 336 | K81: =VLOOKUP($A81,content_factors_backup!$A$2:$Q$468,K$525,FALSE()) -> 0 | L81: =VLOOKUP($A81,content_factors_backup!$A$2:$Q$468,L$525,FALSE()) -> 0 | M81: =VLOOKUP($A81,content_factors_backup!$A$2:$Q$468,M$525,FALSE()) -> 0 | N81: =VLOOKUP($A81,content_factors_backup!$A$2:$Q$468,N$525,FALSE()) -> 0 | O81: =VLOOKUP($A81,content_factors_backup!$A$2:$Q$468,O$525,FALSE()) -> 0 | P81: =VLOOKUP($A81,content_factors_backup!$A$2:$Q$468,P$525,FALSE()) -> 0 | ... W81: =VLOOKUP($A81,content_factors_backup!$A$2:$Q$468,W$525,FALSE()) -> 0
A82: 171 | B82: Sugar flavoured | I82: =VLOOKUP($A82,content_factors_backup!$A$2:$Q$468,I$525,FALSE()) -> 99.5 | J82: =VLOOKUP($A82,content_factors_backup!$A$2:$Q$468,J$525,FALSE()) -> 336 | K82: =VLOOKUP($A82,content_factors_backup!$A$2:$Q$468,K$525,FALSE()) -> 0 | L82: =VLOOKUP($A82,content_factors_backup!$A$2:$Q$468,L$525,FALSE()) -> 0 | M82: =VLOOKUP($A82,content_factors_backup!$A$2:$Q$468,M$525,FALSE()) -> 0 | N82: =VLOOKUP($A82,content_factors_backup!$A$2:$Q$468,N$525,FALSE()) -> 0 | O82: =VLOOKUP($A82,content_factors_backup!$A$2:$Q$468,O$525,FALSE()) -> 0 | P82: =VLOOKUP($A82,content_factors_backup!$A$2:$Q$468,P$525,FALSE()) -> 0 | ... W82: =VLOOKUP($A82,content_factors_backup!$A$2:$Q$468,W$525,FALSE()) -> 0
A83: 172 | B83: Glucose and dextrose | C83: Glucose is a monosaccharide produced by hydrolysing starch with acids and/or enzymes. Dextrose is chemically pure glucose. Used in the food industry, in brewing, in tobacco fermentation and in pharmaceutical products. | E83: 170230, 170240 | F83: 170230, 170240 | G83: 23210.05 | I83: =VLOOKUP($A83,content_factors_backup!$A$2:$Q$468,I$525,FALSE()) -> 99.5 | J83: =VLOOKUP($A83,content_factors_backup!$A$2:$Q$468,J$525,FALSE()) -> 336 | K83: =VLOOKUP($A83,content_factors_backup!$A$2:$Q$468,K$525,FALSE()) -> 0 | L83: =VLOOKUP($A83,content_factors_backup!$A$2:$Q$468,L$525,FALSE()) -> 0 | M83: =VLOOKUP($A83,content_factors_backup!$A$2:$Q$468,M$525,FALSE()) -> 0 | N83: =VLOOKUP($A83,content_factors_backup!$A$2:$Q$468,N$525,FALSE()) -> 0 | O83: =VLOOKUP($A83,content_factors_backup!$A$2:$Q$468,O$525,FALSE()) -> 0 | P83: =VLOOKUP($A83,content_factors_backup!$A$2:$Q$468,P$525,FALSE()) -> 0 | ... W83: =VLOOKUP($A83,content_factors_backup!$A$2:$Q$468,W$525,FALSE()) -> 0
A84: 173 | B84: Lactose | C84: Also known as milk sugar. Produced commercially from whey. | E84: 170211, 170219 | F84: 170211, 170219 | G84: 23210.06 | I84: =VLOOKUP($A84,content_factors_backup!$A$2:$Q$468,I$525,FALSE()) -> 99.5 | J84: =VLOOKUP($A84,content_factors_backup!$A$2:$Q$468,J$525,FALSE()) -> 336 | K84: =VLOOKUP($A84,content_factors_backup!$A$2:$Q$468,K$525,FALSE()) -> 0 | L84: =VLOOKUP($A84,content_factors_backup!$A$2:$Q$468,L$525,FALSE()) -> 0 | M84: =VLOOKUP($A84,content_factors_backup!$A$2:$Q$468,M$525,FALSE()) -> 0 | N84: =VLOOKUP($A84,content_factors_backup!$A$2:$Q$468,N$525,FALSE()) -> 0 | O84: =VLOOKUP($A84,content_factors_backup!$A$2:$Q$468,O$525,FALSE()) -> 0 | P84: =VLOOKUP($A84,content_factors_backup!$A$2:$Q$468,P$525,FALSE()) -> 0 | ... W84: =VLOOKUP($A84,content_factors_backup!$A$2:$Q$468,W$525,FALSE()) -> 0
A85: 176 | B85: Beans, dry | C85: Phaseolus spp.: kidney, haricot bean (Ph. vulgaris); lima, butter bean (Ph. lunatus); adzuki bean (Ph. angularis); mungo bean, golden, green gram (Ph. aureus); black gram, urd (Ph. mungo); scarlet runner bean (Ph. coccineus); rice bean (Ph. calcaratus); moth bean (Ph. aconitifolius); tepary bean (Ph. acutifolius). Only species of Phaseolus should be included, though several countries also include certain types of beans. Commonly classified as Vigna (angularis, mungo, radiata, aconitifolia). In the past, these species were also classified as Phaseolus. | E85: 071331, 071332, 071333, 071339 | F85: 071331, 071332, 071333, 071339 | G85: 1701 | I85: =VLOOKUP($A85,content_factors_backup!$A$2:$Q$468,I$525,FALSE()) -> 90 | J85: =VLOOKUP($A85,content_factors_backup!$A$2:$Q$468,J$525,FALSE()) -> 335 | K85: =VLOOKUP($A85,content_factors_backup!$A$2:$Q$468,K$525,FALSE()) -> 21.5 | L85: =VLOOKUP($A85,content_factors_backup!$A$2:$Q$468,L$525,FALSE()) -> 12.7 | M85: =VLOOKUP($A85,content_factors_backup!$A$2:$Q$468,M$525,FALSE()) -> 2.83 | N85: =VLOOKUP($A85,content_factors_backup!$A$2:$Q$468,N$525,FALSE()) -> 6.4 | O85: =VLOOKUP($A85,content_factors_backup!$A$2:$Q$468,O$525,FALSE()) -> 130.5 | P85: =VLOOKUP($A85,content_factors_backup!$A$2:$Q$468,P$525,FALSE()) -> 395 | ... W85: =VLOOKUP($A85,content_factors_backup!$A$2:$Q$468,W$525,FALSE()) -> 0
A86: 181 | B86: Broad beans, horse beans, dry | C86: Vicia faba: horse-bean (var. equina); broad bean (var. major); field bean (var. minor). | E86: 71350 | F86: 71350 | G86: 1702 | I86: =VLOOKUP($A86,content_factors_backup!$A$2:$Q$468,I$525,FALSE()) -> 90 | J86: =VLOOKUP($A86,content_factors_backup!$A$2:$Q$468,J$525,FALSE()) -> 342.5 | K86: =VLOOKUP($A86,content_factors_backup!$A$2:$Q$468,K$525,FALSE()) -> 23.9 | L86: =VLOOKUP($A86,content_factors_backup!$A$2:$Q$468,L$525,FALSE()) -> 25 | M86: =VLOOKUP($A86,content_factors_backup!$A$2:$Q$468,M$525,FALSE()) -> 3.14 | N86: =VLOOKUP($A86,content_factors_backup!$A$2:$Q$468,N$525,FALSE()) -> 6.7 | O86: =VLOOKUP($A86,content_factors_backup!$A$2:$Q$468,O$525,FALSE()) -> 93 | P86: =VLOOKUP($A86,content_factors_backup!$A$2:$Q$468,P$525,FALSE()) -> 423 | ... W86: =VLOOKUP($A86,content_factors_backup!$A$2:$Q$468,W$525,FALSE()) -> 0
A87: 187 | B87: Peas, dry | C87: Garden pea (Pisum sativum); field pea (P. arvense). | E87: 71310 | F87: 71310 | G87: 1705 | I87: =VLOOKUP($A87,content_factors_backup!$A$2:$Q$468,I$525,FALSE()) -> 89 | J87: =VLOOKUP($A87,content_factors_backup!$A$2:$Q$468,J$525,FALSE()) -> 336.99 | K87: =VLOOKUP($A87,content_factors_backup!$A$2:$Q$468,K$525,FALSE()) -> 22.4 | L87: =VLOOKUP($A87,content_factors_backup!$A$2:$Q$468,L$525,FALSE()) -> 6.5 | M87: =VLOOKUP($A87,content_factors_backup!$A$2:$Q$468,M$525,FALSE()) -> 3.28 | N87: =VLOOKUP($A87,content_factors_backup!$A$2:$Q$468,N$525,FALSE()) -> 5.5 | O87: =VLOOKUP($A87,content_factors_backup!$A$2:$Q$468,O$525,FALSE()) -> 73.5 | P87: =VLOOKUP($A87,content_factors_backup!$A$2:$Q$468,P$525,FALSE()) -> 140.75 | ... W87: =VLOOKUP($A87,content_factors_backup!$A$2:$Q$468,W$525,FALSE()) -> 3
A88: 191 | B88: Chick peas | C88: Chickpea, Bengal gram, garbanzos (Cicer arietinum). | E88: 71320 | F88: 71320 | G88: 1703 | I88: =VLOOKUP($A88,content_factors_backup!$A$2:$Q$468,I$525,FALSE()) -> 89 | J88: =VLOOKUP($A88,content_factors_backup!$A$2:$Q$468,J$525,FALSE()) -> 358.5 | K88: =VLOOKUP($A88,content_factors_backup!$A$2:$Q$468,K$525,FALSE()) -> 19.6 | L88: =VLOOKUP($A88,content_factors_backup!$A$2:$Q$468,L$525,FALSE()) -> 6.7 | M88: =VLOOKUP($A88,content_factors_backup!$A$2:$Q$468,M$525,FALSE()) -> 3.095 | N88: =VLOOKUP($A88,content_factors_backup!$A$2:$Q$468,N$525,FALSE()) -> 7.1 | O88: =VLOOKUP($A88,content_factors_backup!$A$2:$Q$468,O$525,FALSE()) -> 137 | P88: =VLOOKUP($A88,content_factors_backup!$A$2:$Q$468,P$525,FALSE()) -> 371.5 | ... W88: =VLOOKUP($A88,content_factors_backup!$A$2:$Q$468,W$525,FALSE()) -> 2
A89: 195 | B89: Cow peas, dry | C89: Cowpea, blackeye pea/bean (Vigna sinensis; Dolichos sinensis). | E89: 71339 | F89: 71335 | G89: 1706 | I89: =VLOOKUP($A89,content_factors_backup!$A$2:$Q$468,I$525,FALSE()) -> 50 | J89: =VLOOKUP($A89,content_factors_backup!$A$2:$Q$468,J$525,FALSE()) -> #N/A | K89: =VLOOKUP($A89,content_factors_backup!$A$2:$Q$468,K$525,FALSE()) -> #N/A | L89: =VLOOKUP($A89,content_factors_backup!$A$2:$Q$468,L$525,FALSE()) -> #N/A | M89: =VLOOKUP($A89,content_factors_backup!$A$2:$Q$468,M$525,FALSE()) -> #N/A | N89: =VLOOKUP($A89,content_factors_backup!$A$2:$Q$468,N$525,FALSE()) -> #N/A | O89: =VLOOKUP($A89,content_factors_backup!$A$2:$Q$468,O$525,FALSE()) -> #N/A | P89: =VLOOKUP($A89,content_factors_backup!$A$2:$Q$468,P$525,FALSE()) -> #N/A | ... W89: =VLOOKUP($A89,content_factors_backup!$A$2:$Q$468,W$525,FALSE()) -> #N/A
A90: 197 | B90: Pigeon peas | C90: Pigeon pea, cajan pea, Congo bean (Cajanus cajan). | E90: 71390 | F90: 71360 | G90: 1707 | I90: =VLOOKUP($A90,content_factors_backup!$A$2:$Q$468,I$525,FALSE()) -> 50 | J90: =VLOOKUP($A90,content_factors_backup!$A$2:$Q$468,J$525,FALSE()) -> #N/A | K90: =VLOOKUP($A90,content_factors_backup!$A$2:$Q$468,K$525,FALSE()) -> #N/A | L90: =VLOOKUP($A90,content_factors_backup!$A$2:$Q$468,L$525,FALSE()) -> #N/A | M90: =VLOOKUP($A90,content_factors_backup!$A$2:$Q$468,M$525,FALSE()) -> #N/A | N90: =VLOOKUP($A90,content_factors_backup!$A$2:$Q$468,N$525,FALSE()) -> #N/A | O90: =VLOOKUP($A90,content_factors_backup!$A$2:$Q$468,O$525,FALSE()) -> #N/A | P90: =VLOOKUP($A90,content_factors_backup!$A$2:$Q$468,P$525,FALSE()) -> #N/A | ... W90: =VLOOKUP($A90,content_factors_backup!$A$2:$Q$468,W$525,FALSE()) -> #N/A
A91: 201 | B91: Lentils | C91: Lens esculenta; Ervum lens. | E91: 71340 | F91: 71340 | G91: 1704 | I91: =VLOOKUP($A91,content_factors_backup!$A$2:$Q$468,I$525,FALSE()) -> 89 | J91: =VLOOKUP($A91,content_factors_backup!$A$2:$Q$468,J$525,FALSE()) -> 341 | K91: =VLOOKUP($A91,content_factors_backup!$A$2:$Q$468,K$525,FALSE()) -> 23.75 | L91: =VLOOKUP($A91,content_factors_backup!$A$2:$Q$468,L$525,FALSE()) -> 7.3 | M91: =VLOOKUP($A91,content_factors_backup!$A$2:$Q$468,M$525,FALSE()) -> 3 | N91: =VLOOKUP($A91,content_factors_backup!$A$2:$Q$468,N$525,FALSE()) -> 7 | O91: =VLOOKUP($A91,content_factors_backup!$A$2:$Q$468,O$525,FALSE()) -> 67.5 | P91: =VLOOKUP($A91,content_factors_backup!$A$2:$Q$468,P$525,FALSE()) -> 295 | ... W91: =VLOOKUP($A91,content_factors_backup!$A$2:$Q$468,W$525,FALSE()) -> 3.5
A92: 203 | B92: Bambara beans | C92: Bambara groundnut, earth pea (Voandzeia subterranea). These beand are grown underground in a similar way to groundnuts. | E92: 71339 | F92: 71334 | G92: 1708 | I92: =VLOOKUP($A92,content_factors_backup!$A$2:$Q$468,I$525,FALSE()) -> 90 | J92: =VLOOKUP($A92,content_factors_backup!$A$2:$Q$468,J$525,FALSE()) -> 372.5 | K92: =VLOOKUP($A92,content_factors_backup!$A$2:$Q$468,K$525,FALSE()) -> 19.39 | L92: =VLOOKUP($A92,content_factors_backup!$A$2:$Q$468,L$525,FALSE()) -> 4.8 | M92: =VLOOKUP($A92,content_factors_backup!$A$2:$Q$468,M$525,FALSE()) -> 2.86605 | N92: =VLOOKUP($A92,content_factors_backup!$A$2:$Q$468,N$525,FALSE()) -> 3.3 | O92: =VLOOKUP($A92,content_factors_backup!$A$2:$Q$468,O$525,FALSE()) -> 55.865 | P92: =VLOOKUP($A92,content_factors_backup!$A$2:$Q$468,P$525,FALSE()) -> 0 | ... W92: =VLOOKUP($A92,content_factors_backup!$A$2:$Q$468,W$525,FALSE()) -> 1.25
A93: 205 | B93: Vetches | C93: Spring/common vetch (Vicia sativa). Used mainly for animal feed. | E93: 121490 | F93: 121490 | G93: 1709.01 | I93: =VLOOKUP($A93,content_factors_backup!$A$2:$Q$468,I$525,FALSE()) -> 90 | J93: =VLOOKUP($A93,content_factors_backup!$A$2:$Q$468,J$525,FALSE()) -> 203 | K93: =VLOOKUP($A93,content_factors_backup!$A$2:$Q$468,K$525,FALSE()) -> 15.7 | L93: =VLOOKUP($A93,content_factors_backup!$A$2:$Q$468,L$525,FALSE()) -> 2 | M93: =VLOOKUP($A93,content_factors_backup!$A$2:$Q$468,M$525,FALSE()) -> 0 | N93: =VLOOKUP($A93,content_factors_backup!$A$2:$Q$468,N$525,FALSE()) -> 9.3 | O93: =VLOOKUP($A93,content_factors_backup!$A$2:$Q$468,O$525,FALSE()) -> 203.5 | P93: =VLOOKUP($A93,content_factors_backup!$A$2:$Q$468,P$525,FALSE()) -> 0 | ... W93: =VLOOKUP($A93,content_factors_backup!$A$2:$Q$468,W$525,FALSE()) -> 0
A94: 210 | B94: Lupins | C94: Lupinus spp.. Used primarily for feed, though in some parts of Africa and in Latin America some varieties are cultivated for human food. | E94: 121490 | F94: 121490 | G94: 1709.02 | I94: =VLOOKUP($A94,content_factors_backup!$A$2:$Q$468,I$525,FALSE()) -> 50 | J94: =VLOOKUP($A94,content_factors_backup!$A$2:$Q$468,J$525,FALSE()) -> #N/A | K94: =VLOOKUP($A94,content_factors_backup!$A$2:$Q$468,K$525,FALSE()) -> #N/A | L94: =VLOOKUP($A94,content_factors_backup!$A$2:$Q$468,L$525,FALSE()) -> #N/A | M94: =VLOOKUP($A94,content_factors_backup!$A$2:$Q$468,M$525,FALSE()) -> #N/A | N94: =VLOOKUP($A94,content_factors_backup!$A$2:$Q$468,N$525,FALSE()) -> #N/A | O94: =VLOOKUP($A94,content_factors_backup!$A$2:$Q$468,O$525,FALSE()) -> #N/A | P94: =VLOOKUP($A94,content_factors_backup!$A$2:$Q$468,P$525,FALSE()) -> #N/A | ... W94: =VLOOKUP($A94,content_factors_backup!$A$2:$Q$468,W$525,FALSE()) -> #N/A
A95: 211 | B95: Pulses nes | C95: Including inter alia: lablab or hyacinth bean (Dolichos spp.); jack or sword bean (Canavalia spp.); winged bean (Psophocarpus tetragonolobus); guar bean (Cyamopsis tetragonoloba); velvet bean (Stizolobium spp.); yam bean (Pachyrrhizus erosus);. Vigna spp. other than those included in 176 and 195 Other pulses that are not identified separately because of their minor relevance at the international level. Because of their limited local importance, some countries report pulses under this heading that are classified individually by FAO. | E95: 71390 | F95: 71390 | G95: 1709.9 | I95: =VLOOKUP($A95,content_factors_backup!$A$2:$Q$468,I$525,FALSE()) -> 90 | J95: =VLOOKUP($A95,content_factors_backup!$A$2:$Q$468,J$525,FALSE()) -> 349 | K95: =VLOOKUP($A95,content_factors_backup!$A$2:$Q$468,K$525,FALSE()) -> 23.875 | L95: =VLOOKUP($A95,content_factors_backup!$A$2:$Q$468,L$525,FALSE()) -> 7.4 | M95: =VLOOKUP($A95,content_factors_backup!$A$2:$Q$468,M$525,FALSE()) -> 3.99 | N95: =VLOOKUP($A95,content_factors_backup!$A$2:$Q$468,N$525,FALSE()) -> 7 | O95: =VLOOKUP($A95,content_factors_backup!$A$2:$Q$468,O$525,FALSE()) -> 158 | P95: =VLOOKUP($A95,content_factors_backup!$A$2:$Q$468,P$525,FALSE()) -> 342 | ... W95: =VLOOKUP($A95,content_factors_backup!$A$2:$Q$468,W$525,FALSE()) -> 1
A96: 212 | B96: Flour, pulses | C96: Produced through milling or grinding of pulses. This heading also includes meal. | E96: 110610 | F96: 110610 | G96: 23170.03 | I96: =VLOOKUP($A96,content_factors_backup!$A$2:$Q$468,I$525,FALSE()) -> 90 | J96: =VLOOKUP($A96,content_factors_backup!$A$2:$Q$468,J$525,FALSE()) -> 424 | K96: =VLOOKUP($A96,content_factors_backup!$A$2:$Q$468,K$525,FALSE()) -> 27.65 | L96: =VLOOKUP($A96,content_factors_backup!$A$2:$Q$468,L$525,FALSE()) -> 10.2 | M96: =VLOOKUP($A96,content_factors_backup!$A$2:$Q$468,M$525,FALSE()) -> 2.975 | N96: =VLOOKUP($A96,content_factors_backup!$A$2:$Q$468,N$525,FALSE()) -> 9.15 | O96: =VLOOKUP($A96,content_factors_backup!$A$2:$Q$468,O$525,FALSE()) -> 100 | P96: =VLOOKUP($A96,content_factors_backup!$A$2:$Q$468,P$525,FALSE()) -> 345 | ... W96: =VLOOKUP($A96,content_factors_backup!$A$2:$Q$468,W$525,FALSE()) -> 2
A97: 216 | B97: Brazil nuts, with shell | C97: Brazil, Para or cream nut (Bertholletia excelsa). | E97: 80121 | F97: 80121 | G97: 1377 | I97: =VLOOKUP($A97,content_factors_backup!$A$2:$Q$468,I$525,FALSE()) -> 95.4 | J97: =VLOOKUP($A97,content_factors_backup!$A$2:$Q$468,J$525,FALSE()) -> 653.5 | K97: =VLOOKUP($A97,content_factors_backup!$A$2:$Q$468,K$525,FALSE()) -> 14.8 | L97: =VLOOKUP($A97,content_factors_backup!$A$2:$Q$468,L$525,FALSE()) -> 7.5 | M97: =VLOOKUP($A97,content_factors_backup!$A$2:$Q$468,M$525,FALSE()) -> 4.06 | N97: =VLOOKUP($A97,content_factors_backup!$A$2:$Q$468,N$525,FALSE()) -> 2.265 | O97: =VLOOKUP($A97,content_factors_backup!$A$2:$Q$468,O$525,FALSE()) -> 165 | P97: =VLOOKUP($A97,content_factors_backup!$A$2:$Q$468,P$525,FALSE()) -> 22 | ... W97: =VLOOKUP($A97,content_factors_backup!$A$2:$Q$468,W$525,FALSE()) -> 0
A98: 217 | B98: Cashew nuts, with shell | C98: Anacardium occidentale. Produced mainly in East Africa, India and Brazil. | E98: 80131 | F98: 80131 | G98: 1372 | I98: =VLOOKUP($A98,content_factors_backup!$A$2:$Q$468,I$525,FALSE()) -> 95 | J98: =VLOOKUP($A98,content_factors_backup!$A$2:$Q$468,J$525,FALSE()) -> 572 | K98: =VLOOKUP($A98,content_factors_backup!$A$2:$Q$468,K$525,FALSE()) -> 18.22 | L98: =VLOOKUP($A98,content_factors_backup!$A$2:$Q$468,L$525,FALSE()) -> 3.1 | M98: =VLOOKUP($A98,content_factors_backup!$A$2:$Q$468,M$525,FALSE()) -> 5.185 | N98: =VLOOKUP($A98,content_factors_backup!$A$2:$Q$468,N$525,FALSE()) -> 6 | O98: =VLOOKUP($A98,content_factors_backup!$A$2:$Q$468,O$525,FALSE()) -> 38 | P98: =VLOOKUP($A98,content_factors_backup!$A$2:$Q$468,P$525,FALSE()) -> 35.5 | ... W98: =VLOOKUP($A98,content_factors_backup!$A$2:$Q$468,W$525,FALSE()) -> 4
A99: 220 | B99: Chestnut | C99: Castanea spp.: C. vesca; C. vulgaris; C. sativa. Produced mainly in Europe and Asia. | E99: 80240 | F99: 080241, 080242 | G99: 1373 | I99: =VLOOKUP($A99,content_factors_backup!$A$2:$Q$468,I$525,FALSE()) -> 92 | J99: =VLOOKUP($A99,content_factors_backup!$A$2:$Q$468,J$525,FALSE()) -> 224 | K99: =VLOOKUP($A99,content_factors_backup!$A$2:$Q$468,K$525,FALSE()) -> 4.7 | L99: =VLOOKUP($A99,content_factors_backup!$A$2:$Q$468,L$525,FALSE()) -> 12.3 | M99: =VLOOKUP($A99,content_factors_backup!$A$2:$Q$468,M$525,FALSE()) -> 0.46 | N99: =VLOOKUP($A99,content_factors_backup!$A$2:$Q$468,N$525,FALSE()) -> 1.5 | O99: =VLOOKUP($A99,content_factors_backup!$A$2:$Q$468,O$525,FALSE()) -> 28 | P99: =VLOOKUP($A99,content_factors_backup!$A$2:$Q$468,P$525,FALSE()) -> 109 | ... W99: =VLOOKUP($A99,content_factors_backup!$A$2:$Q$468,W$525,FALSE()) -> 16
A100: 221 | B100: Almonds, with shell | C100: Prunus amygdalus; P. communis; Amygdalus communis. Produced mainly in Mediterranean countries, the United States and Asia. | E100: 80211 | F100: 80211 | G100: 1371 | I100: =VLOOKUP($A100,content_factors_backup!$A$2:$Q$468,I$525,FALSE()) -> 96 | J100: =VLOOKUP($A100,content_factors_backup!$A$2:$Q$468,J$525,FALSE()) -> 592 | K100: =VLOOKUP($A100,content_factors_backup!$A$2:$Q$468,K$525,FALSE()) -> 21.825 | L100: =VLOOKUP($A100,content_factors_backup!$A$2:$Q$468,L$525,FALSE()) -> 7.25 | M100: =VLOOKUP($A100,content_factors_backup!$A$2:$Q$468,M$525,FALSE()) -> 3.59 | N100: =VLOOKUP($A100,content_factors_backup!$A$2:$Q$468,N$525,FALSE()) -> 3.055 | O100: =VLOOKUP($A100,content_factors_backup!$A$2:$Q$468,O$525,FALSE()) -> 247 | P100: =VLOOKUP($A100,content_factors_backup!$A$2:$Q$468,P$525,FALSE()) -> 44 | ... W100: =VLOOKUP($A100,content_factors_backup!$A$2:$Q$468,W$525,FALSE()) -> 0
A101: 222 | B101: Walnuts, with shell | C101: Jugland spp.: J. regia. Produced in temperate zones of the Northern Hemisphere, particularly in the United States. | E101: 80231 | F101: 80231 | G101: 1376 | I101: =VLOOKUP($A101,content_factors_backup!$A$2:$Q$468,I$525,FALSE()) -> 96 | J101: =VLOOKUP($A101,content_factors_backup!$A$2:$Q$468,J$525,FALSE()) -> 646 | K101: =VLOOKUP($A101,content_factors_backup!$A$2:$Q$468,K$525,FALSE()) -> 15.23 | L101: =VLOOKUP($A101,content_factors_backup!$A$2:$Q$468,L$525,FALSE()) -> 6.7 | M101: =VLOOKUP($A101,content_factors_backup!$A$2:$Q$468,M$525,FALSE()) -> 3.09 | N101: =VLOOKUP($A101,content_factors_backup!$A$2:$Q$468,N$525,FALSE()) -> 2.955 | O101: =VLOOKUP($A101,content_factors_backup!$A$2:$Q$468,O$525,FALSE()) -> 91 | P101: =VLOOKUP($A101,content_factors_backup!$A$2:$Q$468,P$525,FALSE()) -> 64.5 | ... W101: =VLOOKUP($A101,content_factors_backup!$A$2:$Q$468,W$525,FALSE()) -> 4.3
A102: 223 | B102: Pistachios | C102: Pistacia vera. Produced mainly in the Near East and the United States. | E102: 80250 | F102: 080251, 080252 | G102: 1375 | I102: =VLOOKUP($A102,content_factors_backup!$A$2:$Q$468,I$525,FALSE()) -> 95 | J102: =VLOOKUP($A102,content_factors_backup!$A$2:$Q$468,J$525,FALSE()) -> 612 | K102: =VLOOKUP($A102,content_factors_backup!$A$2:$Q$468,K$525,FALSE()) -> 20.135 | L102: =VLOOKUP($A102,content_factors_backup!$A$2:$Q$468,L$525,FALSE()) -> 8.2 | M102: =VLOOKUP($A102,content_factors_backup!$A$2:$Q$468,M$525,FALSE()) -> 2.655 | N102: =VLOOKUP($A102,content_factors_backup!$A$2:$Q$468,N$525,FALSE()) -> 5.85 | O102: =VLOOKUP($A102,content_factors_backup!$A$2:$Q$468,O$525,FALSE()) -> 119.5 | P102: =VLOOKUP($A102,content_factors_backup!$A$2:$Q$468,P$525,FALSE()) -> 51 | ... W102: =VLOOKUP($A102,content_factors_backup!$A$2:$Q$468,W$525,FALSE()) -> 79.5
A103: 224 | B103: Kola nuts | C103: Kola, cola, Sudan cola nut (Cola nitida; C. vera; C. acuminata). Produced mainly in Africa. Kola nuts, containing 2.4 to 2.6% caffeine, are commonly chewed by the local population. Much used in Europe and America in the production of beverages. | E103: 80290 | F103: 80270 | G103: 1379.02 | I103: =VLOOKUP($A103,content_factors_backup!$A$2:$Q$468,I$525,FALSE()) -> 95 | J103: =VLOOKUP($A103,content_factors_backup!$A$2:$Q$468,J$525,FALSE()) -> 154.5 | K103: =VLOOKUP($A103,content_factors_backup!$A$2:$Q$468,K$525,FALSE()) -> 2.5460667 | L103: =VLOOKUP($A103,content_factors_backup!$A$2:$Q$468,L$525,FALSE()) -> 1.4 | M103: =VLOOKUP($A103,content_factors_backup!$A$2:$Q$468,M$525,FALSE()) -> 0 | N103: =VLOOKUP($A103,content_factors_backup!$A$2:$Q$468,N$525,FALSE()) -> 2 | O103: =VLOOKUP($A103,content_factors_backup!$A$2:$Q$468,O$525,FALSE()) -> 51 | P103: =VLOOKUP($A103,content_factors_backup!$A$2:$Q$468,P$525,FALSE()) -> 0 | ... W103: =VLOOKUP($A103,content_factors_backup!$A$2:$Q$468,W$525,FALSE()) -> 1.0416667
...

Sheet content_factors_backup
A1: FAO code | B1: FAO name | C1: dry_matter_(g) | D1: Energ_(kcal) | E1: Protein_(g) | F1: Fiber_TD_(g) | G1: Zinc_(mg) | H1: Iron_(mg) | I1: Calcium_(mg) | J1: Folate_Tot_(µg) | K1: Riboflavin_(mg) | L1: Choline_Tot_ (mg) | M1: Potassium_(mg) | N1: Vit_E_(mg) | O1: Vit_B12_(µg) | P1: Vit_K_(µg) | Q1: Vit_A_RAE
A2: 15 | B2: Wheat | C2: 86 | D2: =VLOOKUP($A2,'[2]Sheet 1'!$A$2:$Q$3504,4,FALSE()) -> 341 | E2: =VLOOKUP($A2,'[2]Sheet 1'!$A$2:$Q$3504,5,FALSE()) -> 11.95 | F2: =VLOOKUP($A2,'[2]Sheet 1'!$A$2:$Q$3504,6,FALSE()) -> 2 | G2: =VLOOKUP($A2,'[2]Sheet 1'!$A$2:$Q$3504,7,FALSE()) -> 2.465 | H2: =VLOOKUP($A2,'[2]Sheet 1'!$A$2:$Q$3504,8,FALSE()) -> 4 | I2: =VLOOKUP($A2,'[2]Sheet 1'!$A$2:$Q$3504,9,FALSE()) -> 38.5 | J2: =VLOOKUP($A2,'[2]Sheet 1'!$A$2:$Q$3504,10,FALSE()) -> 40.5 | K2: =VLOOKUP($A2,'[2]Sheet 1'!$A$2:$Q$3504,11,FALSE()) -> 0.16 | L2: =VLOOKUP($A2,'[2]Sheet 1'!$A$2:$Q$3504,12,FALSE()) -> 31.2 | M2: =VLOOKUP($A2,'[2]Sheet 1'!$A$2:$Q$3504,13,FALSE()) -> 349 | N2: =VLOOKUP($A2,'[2]Sheet 1'!$A$2:$Q$3504,14,FALSE()) -> 0.90422724 | O2: =VLOOKUP($A2,'[2]Sheet 1'!$A$2:$Q$3504,15,FALSE()) -> 0.00010562215 | P2: =VLOOKUP($A2,'[2]Sheet 1'!$A$2:$Q$3504,16,FALSE()) -> 2.9854177 | Q2: =VLOOKUP($A2,'[2]Sheet 1'!$A$2:$Q$3504,17,FALSE()) -> 0
A3: 16 | B3: Flour, wheat | C3: 88 | D3: =VLOOKUP($A3,'[2]Sheet 1'!$A$2:$Q$3504,4,FALSE()) -> 348 | E3: =VLOOKUP($A3,'[2]Sheet 1'!$A$2:$Q$3504,5,FALSE()) -> 11.4 | F3: =VLOOKUP($A3,'[2]Sheet 1'!$A$2:$Q$3504,6,FALSE()) -> 0.4 | G3: =VLOOKUP($A3,'[2]Sheet 1'!$A$2:$Q$3504,7,FALSE()) -> 1.1 | H3: =VLOOKUP($A3,'[2]Sheet 1'!$A$2:$Q$3504,8,FALSE()) -> 2.2 | I3: =VLOOKUP($A3,'[2]Sheet 1'!$A$2:$Q$3504,9,FALSE()) -> 29.5 | J3: =VLOOKUP($A3,'[2]Sheet 1'!$A$2:$Q$3504,10,FALSE()) -> 25 | K3: =VLOOKUP($A3,'[2]Sheet 1'!$A$2:$Q$3504,11,FALSE()) -> 0.10333333 | L3: =VLOOKUP($A3,'[2]Sheet 1'!$A$2:$Q$3504,12,FALSE()) -> 10.4 | M3: =VLOOKUP($A3,'[2]Sheet 1'!$A$2:$Q$3504,13,FALSE()) -> 132.5 | N3: =VLOOKUP($A3,'[2]Sheet 1'!$A$2:$Q$3504,14,FALSE()) -> 0.71 | O3: =VLOOKUP($A3,'[2]Sheet 1'!$A$2:$Q$3504,15,FALSE()) -> 0 | P3: =VLOOKUP($A3,'[2]Sheet 1'!$A$2:$Q$3504,16,FALSE()) -> 1.9 | Q3: =VLOOKUP($A3,'[2]Sheet 1'!$A$2:$Q$3504,17,FALSE()) -> 0
A4: 17 | B4: Bran, wheat | C4: 88.5 | D4: =VLOOKUP($A4,'[2]Sheet 1'!$A$2:$Q$3504,4,FALSE()) -> 216 | E4: =VLOOKUP($A4,'[2]Sheet 1'!$A$2:$Q$3504,5,FALSE()) -> 15.55 | F4: =VLOOKUP($A4,'[2]Sheet 1'!$A$2:$Q$3504,6,FALSE()) -> 42.8 | G4: =VLOOKUP($A4,'[2]Sheet 1'!$A$2:$Q$3504,7,FALSE()) -> 7.27 | H4: =VLOOKUP($A4,'[2]Sheet 1'!$A$2:$Q$3504,8,FALSE()) -> 10.57 | I4: =VLOOKUP($A4,'[2]Sheet 1'!$A$2:$Q$3504,9,FALSE()) -> 73 | J4: =VLOOKUP($A4,'[2]Sheet 1'!$A$2:$Q$3504,10,FALSE()) -> 79 | K4: =VLOOKUP($A4,'[2]Sheet 1'!$A$2:$Q$3504,11,FALSE()) -> 0.577 | L4: =VLOOKUP($A4,'[2]Sheet 1'!$A$2:$Q$3504,12,FALSE()) -> 74.4 | M4: =VLOOKUP($A4,'[2]Sheet 1'!$A$2:$Q$3504,13,FALSE()) -> 1182 | N4: =VLOOKUP($A4,'[2]Sheet 1'!$A$2:$Q$3504,14,FALSE()) -> 1.49 | O4: =VLOOKUP($A4,'[2]Sheet 1'!$A$2:$Q$3504,15,FALSE()) -> 0 | P4: =VLOOKUP($A4,'[2]Sheet 1'!$A$2:$Q$3504,16,FALSE()) -> 1.9 | Q4: =VLOOKUP($A4,'[2]Sheet 1'!$A$2:$Q$3504,17,FALSE()) -> 0
A5: 18 | B5: Macaroni | C5: 89.6 | D5: =VLOOKUP($A5,'[2]Sheet 1'!$A$2:$Q$3504,4,FALSE()) -> 124 | E5: =VLOOKUP($A5,'[2]Sheet 1'!$A$2:$Q$3504,5,FALSE()) -> 5.33 | F5: =VLOOKUP($A5,'[2]Sheet 1'!$A$2:$Q$3504,6,FALSE()) -> 2.8 | G5: =VLOOKUP($A5,'[2]Sheet 1'!$A$2:$Q$3504,7,FALSE()) -> 0.81 | H5: =VLOOKUP($A5,'[2]Sheet 1'!$A$2:$Q$3504,8,FALSE()) -> 1.06 | I5: =VLOOKUP($A5,'[2]Sheet 1'!$A$2:$Q$3504,9,FALSE()) -> 15 | J5: =VLOOKUP($A5,'[2]Sheet 1'!$A$2:$Q$3504,10,FALSE()) -> 5 | K5: =VLOOKUP($A5,'[2]Sheet 1'!$A$2:$Q$3504,11,FALSE()) -> 0.045 | L5: =VLOOKUP($A5,'[2]Sheet 1'!$A$2:$Q$3504,12,FALSE()) -> 10.7 | M5: =VLOOKUP($A5,'[2]Sheet 1'!$A$2:$Q$3504,13,FALSE()) -> 44 | N5: =VLOOKUP($A5,'[2]Sheet 1'!$A$2:$Q$3504,14,FALSE()) -> 0.3 | O5: =VLOOKUP($A5,'[2]Sheet 1'!$A$2:$Q$3504,15,FALSE()) -> 0 | P5: =VLOOKUP($A5,'[2]Sheet 1'!$A$2:$Q$3504,16,FALSE()) -> 0.7 | Q5: =VLOOKUP($A5,'[2]Sheet 1'!$A$2:$Q$3504,17,FALSE()) -> 0
A6: 20 | B6: Bread | C6: 65 | D6: =VLOOKUP($A6,'[2]Sheet 1'!$A$2:$Q$3504,4,FALSE()) -> 313 | E6: =VLOOKUP($A6,'[2]Sheet 1'!$A$2:$Q$3504,5,FALSE()) -> 12.96 | F6: =VLOOKUP($A6,'[2]Sheet 1'!$A$2:$Q$3504,6,FALSE()) -> 4.7 | G6: =VLOOKUP($A6,'[2]Sheet 1'!$A$2:$Q$3504,7,FALSE()) -> 1.47 | H6: =VLOOKUP($A6,'[2]Sheet 1'!$A$2:$Q$3504,8,FALSE()) -> 4.09 | I6: =VLOOKUP($A6,'[2]Sheet 1'!$A$2:$Q$3504,9,FALSE()) -> 165 | J6: =VLOOKUP($A6,'[2]Sheet 1'!$A$2:$Q$3504,10,FALSE()) -> 86 | K6: =VLOOKUP($A6,'[2]Sheet 1'!$A$2:$Q$3504,11,FALSE()) -> 0.382 | L6: =VLOOKUP($A6,'[2]Sheet 1'!$A$2:$Q$3504,12,FALSE()) -> 22.1 | M6: =VLOOKUP($A6,'[2]Sheet 1'!$A$2:$Q$3504,13,FALSE()) -> 223 | N6: =VLOOKUP($A6,'[2]Sheet 1'!$A$2:$Q$3504,14,FALSE()) -> 0.24 | O6: =VLOOKUP($A6,'[2]Sheet 1'!$A$2:$Q$3504,15,FALSE()) -> 0 | P6: =VLOOKUP($A6,'[2]Sheet 1'!$A$2:$Q$3504,16,FALSE()) -> 5.7 | Q6: =VLOOKUP($A6,'[2]Sheet 1'!$A$2:$Q$3504,17,FALSE()) -> 0
A7: 21 | B7: Bulgur | C7: 90 | D7: =VLOOKUP($A7,'[2]Sheet 1'!$A$2:$Q$3504,4,FALSE()) -> 83 | E7: =VLOOKUP($A7,'[2]Sheet 1'!$A$2:$Q$3504,5,FALSE()) -> 3.08 | F7: =VLOOKUP($A7,'[2]Sheet 1'!$A$2:$Q$3504,6,FALSE()) -> 4.5 | G7: =VLOOKUP($A7,'[2]Sheet 1'!$A$2:$Q$3504,7,FALSE()) -> 0.57 | H7: =VLOOKUP($A7,'[2]Sheet 1'!$A$2:$Q$3504,8,FALSE()) -> 0.96 | I7: =VLOOKUP($A7,'[2]Sheet 1'!$A$2:$Q$3504,9,FALSE()) -> 10 | J7: =VLOOKUP($A7,'[2]Sheet 1'!$A$2:$Q$3504,10,FALSE()) -> 18 | K7: =VLOOKUP($A7,'[2]Sheet 1'!$A$2:$Q$3504,11,FALSE()) -> 0.028 | L7: =VLOOKUP($A7,'[2]Sheet 1'!$A$2:$Q$3504,12,FALSE()) -> 6.9 | M7: =VLOOKUP($A7,'[2]Sheet 1'!$A$2:$Q$3504,13,FALSE()) -> 68 | N7: =VLOOKUP($A7,'[2]Sheet 1'!$A$2:$Q$3504,14,FALSE()) -> 0.01 | O7: =VLOOKUP($A7,'[2]Sheet 1'!$A$2:$Q$3504,15,FALSE()) -> 0 | P7: =VLOOKUP($A7,'[2]Sheet 1'!$A$2:$Q$3504,16,FALSE()) -> 0.5 | Q7: =VLOOKUP($A7,'[2]Sheet 1'!$A$2:$Q$3504,17,FALSE()) -> 0
A8: 22 | B8: Pastry | C8: 65 | D8: =VLOOKUP($A8,'[2]Sheet 1'!$A$2:$Q$3504,4,FALSE()) -> 558 | E8: =VLOOKUP($A8,'[2]Sheet 1'!$A$2:$Q$3504,5,FALSE()) -> 7.4 | F8: =VLOOKUP($A8,'[2]Sheet 1'!$A$2:$Q$3504,6,FALSE()) -> 1.5 | G8: =VLOOKUP($A8,'[2]Sheet 1'!$A$2:$Q$3504,7,FALSE()) -> 0.54 | H8: =VLOOKUP($A8,'[2]Sheet 1'!$A$2:$Q$3504,8,FALSE()) -> 2.6 | I8: =VLOOKUP($A8,'[2]Sheet 1'!$A$2:$Q$3504,9,FALSE()) -> 10 | J8: =VLOOKUP($A8,'[2]Sheet 1'!$A$2:$Q$3504,10,FALSE()) -> 55 | K8: =VLOOKUP($A8,'[2]Sheet 1'!$A$2:$Q$3504,11,FALSE()) -> 0.258 | L8: =VLOOKUP($A8,'[2]Sheet 1'!$A$2:$Q$3504,12,FALSE()) -> 6.2 | M8: =VLOOKUP($A8,'[2]Sheet 1'!$A$2:$Q$3504,13,FALSE()) -> 62 | N8: =VLOOKUP($A8,'[2]Sheet 1'!$A$2:$Q$3504,14,FALSE()) -> 0.55 | O8: =VLOOKUP($A8,'[2]Sheet 1'!$A$2:$Q$3504,15,FALSE()) -> 0 | P8: =VLOOKUP($A8,'[2]Sheet 1'!$A$2:$Q$3504,16,FALSE()) -> 16.3 | Q8: =VLOOKUP($A8,'[2]Sheet 1'!$A$2:$Q$3504,17,FALSE()) -> 0
A9: 27 | B9: Rice, paddy | C9: 86 | D9: =VLOOKUP($A9,'[2]Sheet 1'!$A$2:$Q$3504,4,FALSE()) -> 353.4 | E9: =VLOOKUP($A9,'[2]Sheet 1'!$A$2:$Q$3504,5,FALSE()) -> 7.3 | F9: =VLOOKUP($A9,'[2]Sheet 1'!$A$2:$Q$3504,6,FALSE()) -> 0.7 | G9: =VLOOKUP($A9,'[2]Sheet 1'!$A$2:$Q$3504,7,FALSE()) -> 1.4 | H9: =VLOOKUP($A9,'[2]Sheet 1'!$A$2:$Q$3504,8,FALSE()) -> 1.6 | I9: =VLOOKUP($A9,'[2]Sheet 1'!$A$2:$Q$3504,9,FALSE()) -> 12 | J9: =VLOOKUP($A9,'[2]Sheet 1'!$A$2:$Q$3504,10,FALSE()) -> 20 | K9: =VLOOKUP($A9,'[2]Sheet 1'!$A$2:$Q$3504,11,FALSE()) -> 0.05 | L9: =VLOOKUP($A9,'[2]Sheet 1'!$A$2:$Q$3504,12,FALSE()) -> 0 | M9: =VLOOKUP($A9,'[2]Sheet 1'!$A$2:$Q$3504,13,FALSE()) -> 91.6 | N9: =VLOOKUP($A9,'[2]Sheet 1'!$A$2:$Q$3504,14,FALSE()) -> 0.04 | O9: =VLOOKUP($A9,'[2]Sheet 1'!$A$2:$Q$3504,15,FALSE()) -> 0 | P9: =VLOOKUP($A9,'[2]Sheet 1'!$A$2:$Q$3504,16,FALSE()) -> 0 | Q9: =VLOOKUP($A9,'[2]Sheet 1'!$A$2:$Q$3504,17,FALSE()) -> 0
A10: 28 | B10: Rice, husked | C10: 0 | D10: =VLOOKUP($A10,'[2]Sheet 1'!$A$2:$Q$3504,4,FALSE()) -> #N/A | E10: =VLOOKUP($A10,'[2]Sheet 1'!$A$2:$Q$3504,5,FALSE()) -> #N/A | F10: =VLOOKUP($A10,'[2]Sheet 1'!$A$2:$Q$3504,6,FALSE()) -> #N/A | G10: =VLOOKUP($A10,'[2]Sheet 1'!$A$2:$Q$3504,7,FALSE()) -> #N/A | H10: =VLOOKUP($A10,'[2]Sheet 1'!$A$2:$Q$3504,8,FALSE()) -> #N/A | I10: =VLOOKUP($A10,'[2]Sheet 1'!$A$2:$Q$3504,9,FALSE()) -> #N/A | J10: =VLOOKUP($A10,'[2]Sheet 1'!$A$2:$Q$3504,10,FALSE()) -> #N/A | K10: =VLOOKUP($A10,'[2]Sheet 1'!$A$2:$Q$3504,11,FALSE()) -> #N/A | L10: =VLOOKUP($A10,'[2]Sheet 1'!$A$2:$Q$3504,12,FALSE()) -> #N/A | M10: =VLOOKUP($A10,'[2]Sheet 1'!$A$2:$Q$3504,13,FALSE()) -> #N/A | N10: =VLOOKUP($A10,'[2]Sheet 1'!$A$2:$Q$3504,14,FALSE()) -> #N/A | O10: =VLOOKUP($A10,'[2]Sheet 1'!$A$2:$Q$3504,15,FALSE()) -> #N/A | P10: =VLOOKUP($A10,'[2]Sheet 1'!$A$2:$Q$3504,16,FALSE()) -> #N/A | Q10: =VLOOKUP($A10,'[2]Sheet 1'!$A$2:$Q$3504,17,FALSE()) -> #N/A
A11: 30 | B11: Rice – total (Rice milled equivalent) | C11: 88 | D11: =VLOOKUP($A11,'[2]Sheet 1'!$A$2:$Q$3504,4,FALSE()) -> 353.4 | E11: =VLOOKUP($A11,'[2]Sheet 1'!$A$2:$Q$3504,5,FALSE()) -> 7.3 | F11: =VLOOKUP($A11,'[2]Sheet 1'!$A$2:$Q$3504,6,FALSE()) -> 0.7 | G11: =VLOOKUP($A11,'[2]Sheet 1'!$A$2:$Q$3504,7,FALSE()) -> 1.4 | H11: =VLOOKUP($A11,'[2]Sheet 1'!$A$2:$Q$3504,8,FALSE()) -> 1.6 | I11: =VLOOKUP($A11,'[2]Sheet 1'!$A$2:$Q$3504,9,FALSE()) -> 12 | J11: =VLOOKUP($A11,'[2]Sheet 1'!$A$2:$Q$3504,10,FALSE()) -> 20 | K11: =VLOOKUP($A11,'[2]Sheet 1'!$A$2:$Q$3504,11,FALSE()) -> 0.05 | L11: =VLOOKUP($A11,'[2]Sheet 1'!$A$2:$Q$3504,12,FALSE()) -> 0 | M11: =VLOOKUP($A11,'[2]Sheet 1'!$A$2:$Q$3504,13,FALSE()) -> 91.6 | N11: =VLOOKUP($A11,'[2]Sheet 1'!$A$2:$Q$3504,14,FALSE()) -> 0.04 | O11: =VLOOKUP($A11,'[2]Sheet 1'!$A$2:$Q$3504,15,FALSE()) -> 0 | P11: =VLOOKUP($A11,'[2]Sheet 1'!$A$2:$Q$3504,16,FALSE()) -> 0 | Q11: =VLOOKUP($A11,'[2]Sheet 1'!$A$2:$Q$3504,17,FALSE()) -> 0
A12: 31 | B12: Rice, milled | C12: 0 | D12: =VLOOKUP($A12,'[2]Sheet 1'!$A$2:$Q$3504,4,FALSE()) -> #N/A | E12: =VLOOKUP($A12,'[2]Sheet 1'!$A$2:$Q$3504,5,FALSE()) -> #N/A | F12: =VLOOKUP($A12,'[2]Sheet 1'!$A$2:$Q$3504,6,FALSE()) -> #N/A | G12: =VLOOKUP($A12,'[2]Sheet 1'!$A$2:$Q$3504,7,FALSE()) -> #N/A | H12: =VLOOKUP($A12,'[2]Sheet 1'!$A$2:$Q$3504,8,FALSE()) -> #N/A | I12: =VLOOKUP($A12,'[2]Sheet 1'!$A$2:$Q$3504,9,FALSE()) -> #N/A | J12: =VLOOKUP($A12,'[2]Sheet 1'!$A$2:$Q$3504,10,FALSE()) -> #N/A | K12: =VLOOKUP($A12,'[2]Sheet 1'!$A$2:$Q$3504,11,FALSE()) -> #N/A | L12: =VLOOKUP($A12,'[2]Sheet 1'!$A$2:$Q$3504,12,FALSE()) -> #N/A | M12: =VLOOKUP($A12,'[2]Sheet 1'!$A$2:$Q$3504,13,FALSE()) -> #N/A | N12: =VLOOKUP($A12,'[2]Sheet 1'!$A$2:$Q$3504,14,FALSE()) -> #N/A | O12: =VLOOKUP($A12,'[2]Sheet 1'!$A$2:$Q$3504,15,FALSE()) -> #N/A | P12: =VLOOKUP($A12,'[2]Sheet 1'!$A$2:$Q$3504,16,FALSE()) -> #N/A | Q12: =VLOOKUP($A12,'[2]Sheet 1'!$A$2:$Q$3504,17,FALSE()) -> #N/A
A13: 32 | B13: Rice, broken | C13: 0 | D13: =VLOOKUP($A13,'[2]Sheet 1'!$A$2:$Q$3504,4,FALSE()) -> #N/A | E13: =VLOOKUP($A13,'[2]Sheet 1'!$A$2:$Q$3504,5,FALSE()) -> #N/A | F13: =VLOOKUP($A13,'[2]Sheet 1'!$A$2:$Q$3504,6,FALSE()) -> #N/A | G13: =VLOOKUP($A13,'[2]Sheet 1'!$A$2:$Q$3504,7,FALSE()) -> #N/A | H13: =VLOOKUP($A13,'[2]Sheet 1'!$A$2:$Q$3504,8,FALSE()) -> #N/A | I13: =VLOOKUP($A13,'[2]Sheet 1'!$A$2:$Q$3504,9,FALSE()) -> #N/A | J13: =VLOOKUP($A13,'[2]Sheet 1'!$A$2:$Q$3504,10,FALSE()) -> #N/A | K13: =VLOOKUP($A13,'[2]Sheet 1'!$A$2:$Q$3504,11,FALSE()) -> #N/A | L13: =VLOOKUP($A13,'[2]Sheet 1'!$A$2:$Q$3504,12,FALSE()) -> #N/A | M13: =VLOOKUP($A13,'[2]Sheet 1'!$A$2:$Q$3504,13,FALSE()) -> #N/A | N13: =VLOOKUP($A13,'[2]Sheet 1'!$A$2:$Q$3504,14,FALSE()) -> #N/A | O13: =VLOOKUP($A13,'[2]Sheet 1'!$A$2:$Q$3504,15,FALSE()) -> #N/A | P13: =VLOOKUP($A13,'[2]Sheet 1'!$A$2:$Q$3504,16,FALSE()) -> #N/A | Q13: =VLOOKUP($A13,'[2]Sheet 1'!$A$2:$Q$3504,17,FALSE()) -> #N/A
... A468: 1296 | B468: Waxes vegetable | C468: 90 | D468: =VLOOKUP($A468,'[2]Sheet 1'!$A$2:$Q$3504,4,FALSE()) -> #N/A | E468: =VLOOKUP($A468,'[2]Sheet 1'!$A$2:$Q$3504,5,FALSE()) -> #N/A | F468: =VLOOKUP($A468,'[2]Sheet 1'!$A$2:$Q$3504,6,FALSE()) -> #N/A | G468: =VLOOKUP($A468,'[2]Sheet 1'!$A$2:$Q$3504,7,FALSE()) -> #N/A | H468: =VLOOKUP($A468,'[2]Sheet 1'!$A$2:$Q$3504,8,FALSE()) -> #N/A | I468: =VLOOKUP($A468,'[2]Sheet 1'!$A$2:$Q$3504,9,FALSE()) -> #N/A | J468: =VLOOKUP($A468,'[2]Sheet 1'!$A$2:$Q$3504,10,FALSE()) -> #N/A | K468: =VLOOKUP($A468,'[2]Sheet 1'!$A$2:$Q$3504,11,FALSE()) -> #N/A | L468: =VLOOKUP($A468,'[2]Sheet 1'!$A$2:$Q$3504,12,FALSE()) -> #N/A | M468: =VLOOKUP($A468,'[2]Sheet 1'!$A$2:$Q$3504,13,FALSE()) -> #N/A | N468: =VLOOKUP($A468,'[2]Sheet 1'!$A$2:$Q$3504,14,FALSE()) -> #N/A | O468: =VLOOKUP($A468,'[2]Sheet 1'!$A$2:$Q$3504,15,FALSE()) -> #N/A | P468: =VLOOKUP($A468,'[2]Sheet 1'!$A$2:$Q$3504,16,FALSE()) -> #N/A | Q468: =VLOOKUP($A468,'[2]Sheet 1'!$A$2:$Q$3504,17,FALSE()) -> #N/A
